stname,year,pct_with_mandate,pct_with_mandhmo,pct_with_pccm_only,pct_with_mixedmand,pct_with_crb_mandate
alabama,1991,0,0,0,0,0
alabama,1992,0,0,0,0,0
alabama,1993,0,0,0,0,0
alabama,1994,0,0,0,0,0
alabama,1995,0,0,0,0,0
alabama,1996,0,0,0,0,0
alabama,1997,0.00551391979740227,0,0.00551391979740227,0,0
alabama,1998,0.3067340060280191,0.09293479539704806,0.21379921063097101,0,0.09293479539704806
alabama,1999,1,0.09275858948867921,0.9072414105113208,0,0.09275858948867921
alabama,2000,0.9088157486581837,0,0.9088157486581837,0,0
alabama,2001,1,0,1,0,0
alabama,2002,1,0,1,0,0
alabama,2003,1,0,1,0,0
alabama,2004,1,0,1,0,0
alabama,2005,1,0,1,0,0
alabama,2006,1,0,1,0,0
alabama,2007,1,0,1,0,0
alabama,2008,1,0,1,0,0
alabama,2009,1,0,1,0,0
alabama,2010,1,0,1,0,0
alabama,2011,1,0,1,0,0
alabama,2012,1,0,1,0,0
alabama,2013,1,0,1,0,0
alabama,2014,1,0,1,0,0
alabama,2015,1,0,1,0,0
alabama,2016,1,0,1,0,0
alabama,2017,1,0,1,0,0
alabama,2018,1,0,1,0,0
alabama,2019,1,0,1,0,0
alabama,2020,1,0,1,0,0
alabama,2021,1,0,1,0,0
alabama,2022,1,0,1,0,0
arizona,1991,1,1,0,0,1
arizona,1992,1,1,0,0,1
arizona,1993,1,1,0,0,1
arizona,1994,1,1,0,0,1
arizona,1995,1,1,0,0,1
arizona,1996,1,1,0,0,1
arizona,1997,1,1,0,0,1
arizona,1998,1,1,0,0,1
arizona,1999,1,1,0,0,1
arizona,2000,1,1,0,0,1
arizona,2001,1,1,0,0,1
arizona,2002,1,1,0,0,1
arizona,2003,1,1,0,0,1
arizona,2004,1,1,0,0,1
arizona,2005,1,1,0,0,1
arizona,2006,1,1,0,0,1
arizona,2007,1,1,0,0,1
arizona,2008,1,1,0,0,1
arizona,2009,1,1,0,0,1
arizona,2010,1,1,0,0,1
arizona,2011,1,1,0,0,1
arizona,2012,1,1,0,0,1
arizona,2013,1,1,0,0,1
arizona,2014,1,1,0,0,1
arizona,2015,1,1,0,0,1
arizona,2016,1,1,0,0,1
arizona,2017,1,1,0,0,1
arizona,2018,1,1,0,0,1
arizona,2019,1,1,0,0,1
arizona,2020,1,1,0,0,1
arizona,2021,1,1,0,0,1
arizona,2022,1,1,0,0,1
arkansas,1991,0,0,0,0,0
arkansas,1992,0,0,0,0,0
arkansas,1993,0,0,0,0,0
arkansas,1994,0,0,0,0,0
arkansas,1995,1,0,1,0,0
arkansas,1996,1,0,1,0,0
arkansas,1997,1,0,1,0,0
arkansas,1998,1,0,1,0,0
arkansas,1999,1,0,1,0,0
arkansas,2000,1,0,1,0,0
arkansas,2001,1,0,1,0,0
arkansas,2002,1,0,1,0,0
arkansas,2003,1,0,1,0,0
arkansas,2004,1,0,1,0,0
arkansas,2005,1,0,1,0,0
arkansas,2006,1,0,1,0,0
arkansas,2007,1,0,1,0,0
arkansas,2008,1,0,1,0,0
arkansas,2009,1,0,1,0,0
arkansas,2010,1,0,1,0,0
arkansas,2011,1,0,1,0,0
arkansas,2012,1,0,1,0,0
arkansas,2013,1,0,1,0,0
arkansas,2014,1,0,1,0,0
arkansas,2015,1,0,1,0,0
arkansas,2016,1,0,1,0,0
arkansas,2017,1,0,1,0,0
arkansas,2018,1,0,1,0,0
arkansas,2019,1,0,1,0,0
arkansas,2020,1,0,1,0,0
arkansas,2021,1,0,1,0,0
arkansas,2022,1,0,1,0,0
california,1991,0.03383354434487694,0.03383354434487694,0,0,0.03383354434487694
california,1992,0.03363693313645272,0.03363693313645272,0,0,0.03363693313645272
california,1993,0.033606460006080176,0.033606460006080176,0,0,0.033606460006080176
california,1994,0.033696365309739844,0.033696365309739844,0,0,0.033696365309739844
california,1995,0.08109041987796792,0.045233609275200454,0,0.03585681060276746,0.08109041987796792
california,1996,0.1704645867784057,0.1345338929089916,0,0.03593069386941411,0.1704645867784057
california,1997,0.2793437757280947,0.24351982812884268,0,0.035823947599252025,0.2793437757280947
california,1998,0.7650611059914233,0.4472019870430898,0,0.3178591189483335,0.7650611059914233
california,1999,0.8536302188585712,0.5364083092870959,0,0.3172219095714753,0.8536302188585712
california,2000,0.8639271175215871,0.5471053484589565,0,0.3168217690626306,0.8639271175215871
california,2001,0.8637511065284147,0.5845693978136199,0,0.27918170871479475,0.8637511065284147
california,2002,0.8631658498806616,0.5848349053418255,0,0.2783309445388361,0.8631658498806616
california,2003,0.8624966346987514,0.5854393360890012,0,0.27705729860975015,0.8624966346987514
california,2004,0.8619419385349807,0.5866536821127538,0,0.27528825642222693,0.8619419385349807
california,2005,0.8614407475193315,0.5882915745400176,0,0.27314917297931396,0.8614407475193315
california,2006,0.8607733578685131,0.5904338228357843,0,0.2703395350327288,0.8607733578685131
california,2007,0.8603657772756763,0.5927719627012303,0,0.267593814574446,0.8603657772756763
california,2008,0.8602637987952083,0.5943076909165163,0,0.26595610787869206,0.8602637987952083
california,2009,0.8603408723232662,0.5955390714957016,0,0.2648018008275645,0.8603408723232662
california,2010,0.8604613748597181,0.5972411957694398,0,0.26322017909027834,0.8604613748597181
california,2011,0.8610370178367719,0.5986323955748455,0,0.2624046222619264,0.8610370178367719
california,2012,0.8617484083818197,0.5999384170250442,0,0.26180999135677546,0.8617484083818197
california,2013,0.8623467938597291,0.6011790348170308,0,0.26116775904269823,0.8623467938597291
california,2014,0.8627425488196327,0.6026166508605908,0,0.26012589795904195,0.8627425488196327
california,2015,0.8632318504179745,0.6040868702423259,0,0.2591449801756486,0.8632318504179745
california,2016,0.8634271447653398,0.6054120347943914,0,0.25801510997094834,0.8634271447653398
california,2017,0.8632522984808084,0.6065425211740174,0,0.25670977730679095,0.8632522984808084
california,2018,0.8630779633095353,0.6077941161414995,0,0.2552838471680359,0.8630779633095353
california,2019,0.8632244761323604,0.6091484905822687,0,0.2540759855500917,0.8632244761323604
california,2020,0.8625689311245672,0.6096068166629539,0,0.25296211446161326,0.8625689311245672
california,2021,0.8612327328148175,0.6106401420766758,0,0.25059259073814166,0.8612327328148175
california,2022,0.8607210757125349,0.611755613692161,0,0.24896546202037387,0.8607210757125349
colorado,1991,0,0,0,0,0
colorado,1992,1,0,0.8819271928562389,0.11807280714376109,0.11807280714376109
colorado,1993,1,0,0.8907002860888925,0.10929971391110749,0.10929971391110749
colorado,1994,1,0,0.5619343283190039,0.4380656716809961,0.4380656716809961
colorado,1995,1,0,0.34102807422769527,0.6589719257723047,0.6589719257723047
colorado,1996,1,0,0.20941201645943766,0.7905879835405624,0.7905879835405624
colorado,1997,1,0,0.20981747684575527,0.7901825231542448,0.7901825231542448
colorado,1998,1,0,0.19397490121519106,0.806025098784809,0.806025098784809
colorado,1999,1,0,0.12050926425642716,0.8794907357435728,0.8794907357435728
colorado,2000,1,0,0.12720042395554065,0.8727995760444593,0.8727995760444593
colorado,2001,1,0,0.12718444786244318,0.8728155521375568,0.8728155521375568
colorado,2002,1,0,0.12747116737243083,0.8725288326275692,0.8725288326275692
colorado,2003,1,0,0.12766562309709834,0.8723343769029016,0.8723343769029016
colorado,2004,1,0,0.12754644110807908,0.8724535588919209,0.8724535588919209
colorado,2005,1,0,0.12739558288764222,0.8726044171123578,0.8726044171123578
colorado,2006,1,0,0.12730863793733066,0.8726913620626694,0.8726913620626694
colorado,2007,1,0,0.12750807917443652,0.8724919208255635,0.8724919208255635
colorado,2008,1,0,0.12771482311044507,0.872285176889555,0.872285176889555
colorado,2009,1,0,0.12782694778507206,0.8721730522149279,0.8721730522149279
colorado,2010,1,0,0.12641764188139623,0.8735823581186037,0.8735823581186037
colorado,2011,1,0,0.1252721622793202,0.8747278377206797,0.8747278377206797
colorado,2012,1,0,0.12454759513455856,0.8754524048654414,0.8754524048654414
colorado,2013,1,0,0.12403976589236163,0.8759602341076383,0.8759602341076383
colorado,2014,1,0,0.12406357612988733,0.8759364238701126,0.8759364238701126
colorado,2015,1,0,0.12422283441306393,0.8757771655869361,0.8757771655869361
colorado,2016,1,0,0.12404073892567145,0.8759592610743285,0.8759592610743285
colorado,2017,1,0,0.12406672027782559,0.8759332797221744,0.8759332797221744
colorado,2018,1,0,0.12408583976806678,0.8759141602319332,0.8759141602319332
colorado,2019,1,0,0.12410220961694687,0.8758977903830532,0.8758977903830532
colorado,2020,1,0,0.12358947517908835,0.8764105248209116,0.8764105248209116
colorado,2021,1,0,0.12376361641055858,0.8762363835894414,0.8762363835894414
colorado,2022,1,0,0.12386978728305571,0.8761302127169442,0.8761302127169442
connecticut,1991,0,0,0,0,0
connecticut,1992,0,0,0,0,0
connecticut,1993,0,0,0,0,0
connecticut,1994,0,0,0,0,0
connecticut,1995,0,0,0,0,0
connecticut,1996,1,1,0,0,1
connecticut,1997,1,1,0,0,1
connecticut,1998,1,1,0,0,1
connecticut,1999,1,1,0,0,1
connecticut,2000,1,1,0,0,1
connecticut,2001,1,1,0,0,1
connecticut,2002,1,1,0,0,1
connecticut,2003,1,1,0,0,1
connecticut,2004,1,1,0,0,1
connecticut,2005,1,1,0,0,1
connecticut,2006,1,1,0,0,1
connecticut,2007,1,1,0,0,1
connecticut,2008,1,1,0,0,1
connecticut,2009,1,1,0,0,1
connecticut,2010,1,1,0,0,1
connecticut,2011,1,1,0,0,1
connecticut,2012,1,1,0,0,1
connecticut,2013,1,1,0,0,1
connecticut,2014,1,1,0,0,1
connecticut,2015,1,1,0,0,1
connecticut,2016,1,1,0,0,1
connecticut,2017,1,1,0,0,1
connecticut,2018,1,1,0,0,1
connecticut,2019,1,1,0,0,1
connecticut,2020,NA,NA,NA,NA,NA
connecticut,2021,NA,NA,NA,NA,NA
connecticut,2022,NA,NA,NA,NA,NA
delaware,1991,0,0,0,0,0
delaware,1992,0,0,0,0,0
delaware,1993,0,0,0,0,0
delaware,1994,0,0,0,0,0
delaware,1995,0,0,0,0,0
delaware,1996,0.5745349368196678,0.5745349368196678,0,0,0.5745349368196678
delaware,1997,0.5815647716755918,0.5815647716755918,0,0,0.5815647716755918
delaware,1998,1,1,0,0,1
delaware,1999,1,1,0,0,1
delaware,2000,1,1,0,0,1
delaware,2001,1,1,0,0,1
delaware,2002,1,1,0,0,1
delaware,2003,1,1,0,0,1
delaware,2004,1,1,0,0,1
delaware,2005,1,1,0,0,1
delaware,2006,1,1,0,0,1
delaware,2007,1,1,0,0,1
delaware,2008,1,1,0,0,1
delaware,2009,1,1,0,0,1
delaware,2010,1,1,0,0,1
delaware,2011,1,1,0,0,1
delaware,2012,1,1,0,0,1
delaware,2013,1,1,0,0,1
delaware,2014,1,1,0,0,1
delaware,2015,1,1,0,0,1
delaware,2016,1,1,0,0,1
delaware,2017,1,1,0,0,1
delaware,2018,1,1,0,0,1
delaware,2019,1,1,0,0,1
delaware,2020,1,1,0,0,1
delaware,2021,1,1,0,0,1
delaware,2022,1,1,0,0,1
florida,1991,0,0,0,0,0
florida,1992,0,0,0,0,0
florida,1993,0.19167819540517264,0,0.01900773782430587,0.17267045758086677,0.17267045758086677
florida,1994,0.23391939665093725,0,0.0629184502664634,0.17100094638447386,0.17100094638447386
florida,1995,0.8053734223040163,0,0.06134224593495851,0.7440311763690578,0.7440311763690578
florida,1996,1,0,0.1723923415385723,0.8276076584614277,0.8276076584614277
florida,1997,1,0,0.09156339034008967,0.9084366096599104,0.9084366096599104
florida,1998,1,0,0.0901129960572587,0.9098870039427412,0.9098870039427412
florida,1999,1,0,0.06742772226341495,0.932572277736585,0.932572277736585
florida,2000,1,0,0.05853860597532199,0.941461394024678,0.941461394024678
florida,2001,1,0,0.05808412360781489,0.9419158763921851,0.9419158763921851
florida,2002,1,0,0.05789106431083028,0.9421089356891698,0.9421089356891698
florida,2003,1,0,0.05760196420244864,0.9423980357975513,0.9423980357975513
florida,2004,1,0,0.057415894664747884,0.9425841053352522,0.9425841053352522
florida,2005,1,0,0.057075590920214116,0.9429244090797859,0.9429244090797859
florida,2006,1,0,0.05706985518140746,0.9429301448185925,0.9429301448185925
florida,2007,1,0,0.057074599021003564,0.9429254009789965,0.9429254009789965
florida,2008,1,0,0.05730924254286437,0.9426907574571356,0.9426907574571356
florida,2009,1,0,0.05742136567234999,0.94257863432765,0.94257863432765
florida,2010,1,0,0.057381389458581344,0.9426186105414187,0.9426186105414187
florida,2011,1,0,0.05731655742390931,0.9426834425760907,0.9426834425760907
florida,2012,1,0,0.057580837602763425,0.9424191623972366,0.9424191623972366
florida,2013,1,0,0.05772821812453494,0.942271781875465,0.942271781875465
florida,2014,1,0,0.05769815205878983,0.9423018479412102,0.9423018479412102
florida,2015,1,0,0.05749626503585366,0.9425037349641463,0.9425037349641463
florida,2016,1,0,0.05717162345291523,0.9428283765470847,0.9428283765470847
florida,2017,1,0,0.05684618804389835,0.9431538119561017,0.9431538119561017
florida,2018,1,0,0.056670647647008084,0.9433293523529919,0.9433293523529919
florida,2019,1,0,0.05588342681296105,0.9441165731870389,0.9441165731870389
florida,2020,1,0,0.0578412696047354,0.9421587303952647,0.9421587303952647
florida,2021,1,0,0.057955944925477836,0.9420440550745222,0.9420440550745222
florida,2022,1,0,0.058342275978718244,0.9416577240212818,0.9416577240212818
georgia,1991,0,0,0,0,0
georgia,1992,0,0,0,0,0
georgia,1993,0,0,0,0,0
georgia,1994,0.08220075951442754,0,0.08220075951442754,0,0
georgia,1995,0.1378712176799109,0,0.1378712176799109,0,0
georgia,1996,0.19940776091448412,0,0.19940776091448412,0,0
georgia,1997,0.7480586579463893,0,0.45946636854582334,0.2885922894005659,0.2885922894005659
georgia,1998,1,0,0.5211750915642241,0.4788249084357758,0.4788249084357758
georgia,1999,1,0,0.9701358161580634,0.029864183841936513,0.029864183841936513
georgia,2000,1,0,1,0,0
georgia,2001,1,0,1,0,0
georgia,2002,1,0,1,0,0
georgia,2003,1,0,1,0,0
georgia,2004,1,0,1,0,0
georgia,2005,1,0,1,0,0
georgia,2006,1,0,1,0,0
georgia,2007,1,0,1,0,0
georgia,2008,1,0,1,0,0
georgia,2009,1,0,1,0,0
georgia,2010,1,0,1,0,0
georgia,2011,1,0,1,0,0
georgia,2012,1,0,1,0,0
georgia,2013,1,0,1,0,0
georgia,2014,1,0,1,0,0
georgia,2015,1,0,1,0,0
georgia,2016,1,0,1,0,0
georgia,2017,1,0,1,0,0
georgia,2018,1,0,1,0,0
georgia,2019,1,0,1,0,0
georgia,2020,1,0,1,0,0
georgia,2021,1,0,1,0,0
georgia,2022,1,0,1,0,0
hawaii,1991,0,0,0,0,0
hawaii,1992,0,0,0,0,0
hawaii,1993,0,0,0,0,0
hawaii,1994,0,0,0,0,0
hawaii,1995,1,1,0,0,1
hawaii,1996,1,1,0,0,1
hawaii,1997,1,1,0,0,1
hawaii,1998,1,1,0,0,1
hawaii,1999,1,1,0,0,1
hawaii,2000,1,1,0,0,1
hawaii,2001,1,1,0,0,1
hawaii,2002,1,1,0,0,1
hawaii,2003,1,1,0,0,1
hawaii,2004,1,1,0,0,1
hawaii,2005,1,1,0,0,1
hawaii,2006,1,1,0,0,1
hawaii,2007,1,1,0,0,1
hawaii,2008,1,1,0,0,1
hawaii,2009,1,1,0,0,1
hawaii,2010,1,1,0,0,1
hawaii,2011,1,1,0,0,1
hawaii,2012,1,1,0,0,1
hawaii,2013,1,1,0,0,1
hawaii,2014,1,1,0,0,1
hawaii,2015,1,1,0,0,1
hawaii,2016,1,1,0,0,1
hawaii,2017,1,1,0,0,1
hawaii,2018,1,1,0,0,1
hawaii,2019,1,1,0,0,1
hawaii,2020,1,1,0,0,1
hawaii,2021,1,1,0,0,1
hawaii,2022,1,1,0,0,1
idaho,1991,0,0,0,0,0
idaho,1992,0,0,0,0,0
idaho,1993,0,0,0,0,0
idaho,1994,0.018083238374683643,0,0.018083238374683643,0,0
idaho,1995,0.02535662174920608,0,0.02535662174920608,0,0
idaho,1996,0.024818749400320167,0,0.024818749400320167,0,0
idaho,1997,0,0,0,0,0
idaho,1998,0.03398738982335197,0,0.03398738982335197,0,0
idaho,1999,0.033589749734397344,0,0.033589749734397344,0,0
idaho,2000,0.03213178085776071,0,0.03213178085776071,0,0
idaho,2001,0.03187440244491887,0,0.03187440244491887,0,0
idaho,2002,0.031409936942878545,0,0.031409936942878545,0,0
idaho,2003,0.031212868019187608,0,0.031212868019187608,0,0
idaho,2004,0.03068108825824363,0,0.03068108825824363,0,0
idaho,2005,0.03022809175762354,0,0.03022809175762354,0,0
idaho,2006,0.02954784229802631,0,0.02954784229802631,0,0
idaho,2007,0.029111590221280244,0,0.029111590221280244,0,0
idaho,2008,0.02894702539235622,0,0.02894702539235622,0,0
idaho,2009,0.02900531960405008,0,0.02900531960405008,0,0
idaho,2010,0.02913583736644881,0,0.02913583736644881,0,0
idaho,2011,0.028974499813752046,0,0.028974499813752046,0,0
idaho,2012,0.028527120509689568,0,0.028527120509689568,0,0
idaho,2013,0.028191925799680488,0,0.028191925799680488,0,0
idaho,2014,0.027719739662267213,0,0.027719739662267213,0,0
idaho,2015,0.027289757664626157,0,0.027289757664626157,0,0
idaho,2016,0.026935056289304437,0,0.026935056289304437,0,0
idaho,2017,0.02671223107442154,0,0.02671223107442154,0,0
idaho,2018,0.026351357527065997,0,0.026351357527065997,0,0
idaho,2019,0.026194346596234607,0,0.026194346596234607,0,0
idaho,2020,0.02600767084888168,0,0.02600767084888168,0,0
idaho,2021,0.025690758436302367,0,0.025690758436302367,0,0
idaho,2022,0.025772616343716026,0,0.025772616343716026,0,0
illinois,1991,0,0,0,0,0
illinois,1992,0,0,0,0,0
illinois,1993,0,0,0,0,0
illinois,1994,0,0,0,0,0
illinois,1995,0,0,0,0,0
illinois,1996,0,0,0,0,0
illinois,1997,0,0,0,0,0
illinois,1998,0,0,0,0,0
illinois,1999,0,0,0,0,0
illinois,2000,0,0,0,0,0
illinois,2001,0,0,0,0,0
illinois,2002,0,0,0,0,0
illinois,2003,0,0,0,0,0
illinois,2004,0,0,0,0,0
illinois,2005,0,0,0,0,0
illinois,2006,0,0,0,0,0
illinois,2007,0,0,0,0,0
illinois,2008,0,0,0,0,0
illinois,2009,0,0,0,0,0
illinois,2010,0,0,0,0,0
illinois,2011,0,0,0,0,0
illinois,2012,0,0,0,0,0
illinois,2013,0,0,0,0,0
illinois,2014,0,0,0,0,0
illinois,2015,0,0,0,0,0
illinois,2016,0,0,0,0,0
illinois,2017,0,0,0,0,0
illinois,2018,0,0,0,0,0
illinois,2019,0,0,0,0,0
illinois,2020,0,0,0,0,0
illinois,2021,0,0,0,0,0
illinois,2022,0,0,0,0,0
indiana,1991,0,0,0,0,0
indiana,1992,0,0,0,0,0
indiana,1993,0,0,0,0,0
indiana,1994,0,0,0,0,0
indiana,1995,0.2682401562671284,0,0,0.2682401562671284,0.2682401562671284
indiana,1996,0.51531896145922,0,0,0.51531896145922,0.51531896145922
indiana,1997,1,0,0,1,1
indiana,1998,1,0,0,1,1
indiana,1999,1,0,0,1,1
indiana,2000,1,0,0,1,1
indiana,2001,1,0,0,1,1
indiana,2002,1,0,0,1,1
indiana,2003,1,0,0,1,1
indiana,2004,1,0,0,1,1
indiana,2005,1,0,0,1,1
indiana,2006,1,0,0,1,1
indiana,2007,1,0,0,1,1
indiana,2008,1,0,0,1,1
indiana,2009,1,0,0,1,1
indiana,2010,1,0,0,1,1
indiana,2011,1,0,0,1,1
indiana,2012,1,0,0,1,1
indiana,2013,1,0,0,1,1
indiana,2014,1,0,0,1,1
indiana,2015,1,0,0,1,1
indiana,2016,1,0,0,1,1
indiana,2017,1,0,0,1,1
indiana,2018,1,0,0,1,1
indiana,2019,1,0,0,1,1
indiana,2020,1,0,0,1,1
indiana,2021,1,0,0,1,1
indiana,2022,1,0,0,1,1
iowa,1991,0.333053200502582,0,0.2778268080274806,0.055226392475101437,0.055226392475101437
iowa,1992,0.33489755208898603,0,0.279351130396098,0.055546421692888016,0.055546421692888016
iowa,1993,0.33605829279281846,0,0.23628228745458796,0.09977600533823051,0.09977600533823051
iowa,1994,0.5288110165600894,0,0.4037571831218135,0.12505383343827597,0.12505383343827597
iowa,1995,0.8153722461028664,0,0.41307687326225406,0.40229537284061234,0.40229537284061234
iowa,1996,0.880964236724153,0.04376670321538109,0.35067003427721244,0.48652749923155947,0.5302942024469406
iowa,1997,0.8870795816971921,0.04355014383252675,0.35540350050585245,0.48812593735881293,0.5316760811913397
iowa,1998,0.8873690892783808,0.012429646081276627,0.34056618985905857,0.5343732533380455,0.5468028994193221
iowa,1999,0.954078376386606,0.027046452721922597,0.33398031400268524,0.5930516096619981,0.6200980623839207
iowa,2000,0.974952299245024,0.02685655456417296,0.32754221002059025,0.6205535346602609,0.6474100892244338
iowa,2001,0.9748022572142307,0.02665949503041946,0.31973019289713195,0.6284125692866793,0.6550720643170987
iowa,2002,0.9748155973126225,0.026352440513991448,0.3180104582202118,0.6304526985784192,0.6568051390924107
iowa,2003,0.9747632323587054,0.026235320201268297,0.3166945484769426,0.6318333636804946,0.6580686838817629
iowa,2004,0.9748485150579895,0.025950717080329123,0.31526050238323605,0.6336372955944243,0.6595880126747534
iowa,2005,0.9749771348336318,0.02582695967527057,0.31309311292375136,0.6360570622346098,0.6618840219098804
iowa,2006,0.9750512619917346,0.025594945699012765,0.31101558378025435,0.6384407325124676,0.6640356782114804
iowa,2007,0.9751644252478648,0.025349848615866238,0.30909232840758366,0.640722248224415,0.6660720968402812
iowa,2008,0.9753390785111387,0.025185168408494267,0.3073758943672433,0.6427780157354012,0.6679631841438954
iowa,2009,0.9756196707060361,0.02513203761655786,0.3062593549421592,0.644228278147319,0.6693603157638769
iowa,2010,0.9758119734403659,0.025004800191810065,0.3050656103061024,0.6457415629424533,0.6707463631342634
iowa,2011,0.975927863863717,0.024753957743442422,0.30367534938033197,0.6474985567399426,0.6722525144833851
iowa,2012,0.976094974778203,0.024709065934604254,0.30247671972290313,0.6489091891206956,0.6736182550552998
iowa,2013,0.9762419160805365,0.024651894540739835,0.3008617867378251,0.6507282348019716,0.6753801293427114
iowa,2014,0.9763626107644214,0.02439886434564832,0.2992681180677335,0.6526956283510397,0.677094492696688
iowa,2015,0.9764897970218542,0.024244987341625487,0.29773314357036323,0.6545116661098656,0.678756653451491
iowa,2016,0.9766465807736784,0.024019028403067254,0.29658165581108886,0.6560458965595223,0.6800649249625895
iowa,2017,0.9766959014967823,0.023770244416479954,0.29510073611409515,0.6578249209662073,0.6815951653826872
iowa,2018,0.9767855889652357,0.02365048072935607,0.2939514868477297,0.6591836213881499,0.682834102117506
iowa,2019,0.9768944044806684,0.02353662492515082,0.2929067649014728,0.6604510146540448,0.6839876395791956
iowa,2020,0.9769311693634446,0.02334112115700492,0.29412507232225094,0.6594649758841887,0.6828060970411937
iowa,2021,0.9770445051666196,0.02317943402745061,0.2936046986400327,0.6602603724991363,0.6834398065265869
iowa,2022,0.977127757087501,0.023016956260782873,0.29304107724490897,0.6610697235818092,0.684086679842592
kansas,1991,0.5334441184826736,0,0.5334441184826736,0,0
kansas,1992,0.5348229326308057,0,0.5348229326308057,0,0
kansas,1993,0.5376925796897376,0,0.5376925796897376,0,0
kansas,1994,0.5389120065507825,0,0.5389120065507825,0,0
kansas,1995,0.5398894571527623,0,0.5398894571527623,0,0
kansas,1996,0.5467246508653183,0,0.48773608030973137,0.05898857055558698,0.05898857055558698
kansas,1997,0.5759849103209613,0,0.17145135749027088,0.4045335528306905,0.4045335528306905
kansas,1998,1,0,0.2827311293985184,0.7172688706014816,0.7172688706014816
kansas,1999,1,0,0.31337120540078134,0.6866287945992187,0.6866287945992187
kansas,2000,1,0,0.3218840686777685,0.6781159313222316,0.6781159313222316
kansas,2001,1,0,0.15184248760807087,0.8481575123919292,0.8481575123919292
kansas,2002,1,0,0.14983628366687735,0.8501637163331227,0.8501637163331227
kansas,2003,1,0,0.1482869654249498,0.8517130345750502,0.8517130345750502
kansas,2004,1,0,0.14707613043282683,0.8529238695671731,0.8529238695671731
kansas,2005,1,0,0.145831109835395,0.8541688901646051,0.8541688901646051
kansas,2006,1,0,0.14415597059789043,0.8558440294021096,0.8558440294021096
kansas,2007,1,0,0.1425048989056267,0.8574951010943733,0.8574951010943733
kansas,2008,1,0,0.14090394989309407,0.8590960501069059,0.8590960501069059
kansas,2009,1,0,0.14042836808928855,0.8595716319107115,0.8595716319107115
kansas,2010,1,0,0.13989972675014606,0.8601002732498539,0.8601002732498539
kansas,2011,1,0,0.13881588233756503,0.861184117662435,0.861184117662435
kansas,2012,1,0,0.1373021536729657,0.8626978463270343,0.8626978463270343
kansas,2013,1,0,0.1365554961060579,0.8634445038939421,0.8634445038939421
kansas,2014,1,0,0.13572845826976615,0.8642715417302338,0.8642715417302338
kansas,2015,1,0,0.1345165075003154,0.8654834924996846,0.8654834924996846
kansas,2016,1,0,0.13328574118022127,0.8667142588197787,0.8667142588197787
kansas,2017,1,0,0.13223763871231242,0.8677623612876876,0.8677623612876876
kansas,2018,1,0,0.13122016213046897,0.8687798378695311,0.8687798378695311
kansas,2019,1,0,0.13048644945241056,0.8695135505475895,0.8695135505475895
kansas,2020,1,0,0.1290973423858217,0.8709026576141783,0.8709026576141783
kansas,2021,1,0,0.1285221035376416,0.8714778964623584,0.8714778964623584
kansas,2022,1,0,0.127860508132213,0.872139491867787,0.872139491867787
kentucky,1991,0.9775567808921033,0,0.9775567808921033,0,0
kentucky,1992,0.9775827810772693,0,0.9775827810772693,0,0
kentucky,1993,0.9774685932515157,0,0.9774685932515157,0,0
kentucky,1994,0.9773866277481138,0,0.9773866277481138,0,0
kentucky,1995,0.9773188247193972,0,0.9773188247193972,0,0
kentucky,1996,0.977224361906963,0,0.977224361906963,0,0
kentucky,1997,0.9445929915126441,0,0.9445929915126441,0,0
kentucky,1998,0.9851294663510302,0.3600466585727972,0.6250828077782329,0,0.3600466585727972
kentucky,1999,0.9957635617200286,0.46625555820909104,0.5268112188722198,0.0026967846387177014,0.46895234284780873
kentucky,2000,0.995882767295979,0.471542187986931,0.5213301214368814,0.003010457872166622,0.4745526458590976
kentucky,2001,0.995866770950957,0.09043635933818037,0.8942046772007213,0.011225734412055398,0.10166209375023577
kentucky,2002,0.9959192320602538,0.09100125011818344,0.893502587029286,0.011415394912784371,0.10241664503096781
kentucky,2003,0.9958961874538104,0.09135926369852379,0.8930174325088032,0.011519491246483379,0.10287875494500717
kentucky,2004,0.9959284956225409,0.0922582470284406,0.8920301559666358,0.011640092627464502,0.1038983396559051
kentucky,2005,0.9959095450386397,0.0929950867116316,0.8911755150592447,0.011738943267763337,0.10473402997939495
kentucky,2006,0.9959304254189578,0.09340685302305543,0.8906611077820589,0.011862464613843531,0.10526931763689897
kentucky,2007,0.9959478642653405,0.09377597426690877,0.89019968169853,0.011972208299901753,0.10574818256681053
kentucky,2008,0.9959523672230146,0.0939886207834875,0.8898975737078051,0.012066172731722032,0.10605479351520954
kentucky,2009,0.9959534970607156,0.09406491593639336,0.8898492227215011,0.01203935840282107,0.10610427433921443
kentucky,2010,0.9959662246819668,0.09534192139132462,0.8886407260654556,0.011983577225186571,0.1073254986165112
kentucky,2011,0.995976134151623,0.09569233316402556,0.8882514903293457,0.012032310658251789,0.10772464382227735
kentucky,2012,0.9959950815483293,0.09581593866237029,0.8882337992849657,0.011945343600993287,0.10776128226336357
kentucky,2013,0.9960101522654283,0.09607685071976817,0.8880268389385391,0.011906462607121058,0.10798331332688922
kentucky,2014,0.9959930138635196,0.0960239738880654,0.888080436827898,0.011888603147556217,0.10791257703562161
kentucky,2015,0.9960186905105279,0.09545566772425729,0.8886571675800404,0.01190585520623017,0.10736152293048745
kentucky,2016,0.995986647930634,0.09588717699269189,0.8882347486523793,0.011864722285562816,0.10775189927825471
kentucky,2017,0.9959869880990276,0.0963822346820735,0.8876675451962656,0.011937208220688592,0.1083194429027621
kentucky,2018,0.9959938644606068,0.09734149513262771,0.8866367091464121,0.012015660181566924,0.10935715531419464
kentucky,2019,0.9959799507154893,0.09793074070510718,0.885971236914158,0.012077973096224088,0.11000871380133127
kentucky,2020,0.9959735058770866,0.09728625079345087,0.8865291638783561,0.012158091205279614,0.10944434199873047
kentucky,2021,0.9959593378352417,0.09808233925250921,0.8855622220289036,0.012314776553828979,0.1103971158063382
kentucky,2022,0.9959713075619236,0.09833313982029769,0.8852288897082072,0.012409278033418682,0.11074241785371637
louisiana,1991,0,0,0,0,0
louisiana,1992,0,0,0,0,0
louisiana,1993,0.04063005819196066,0,0.04063005819196066,0,0
louisiana,1994,0.11396825765403862,0,0.11396825765403862,0,0
louisiana,1995,0.11369647131832808,0,0.11369647131832808,0,0
louisiana,1996,0.11340479904417378,0,0.11340479904417378,0,0
louisiana,1997,0.11279367968232959,0,0.11279367968232959,0,0
louisiana,1998,0.11260610629337794,0,0.11260610629337794,0,0
louisiana,1999,0.1125872462654482,0,0.1125872462654482,0,0
louisiana,2000,0.1113675776546132,0,0.1113675776546132,0,0
louisiana,2001,0.11080769338134717,0,0.11080769338134717,0,0
louisiana,2002,0.11006706962250629,0,0.11006706962250629,0,0
louisiana,2003,0.10920778882390388,0,0.10920778882390388,0,0
louisiana,2004,0.10856725856600644,0,0.10856725856600644,0,0
louisiana,2005,0.10817374713435307,0,0.10817374713435307,0,0
louisiana,2006,0.11514631048431612,0,0.11514631048431612,0,0
louisiana,2007,0.11291346223507233,0,0.11291346223507233,0,0
louisiana,2008,0.11092942398140855,0,0.11092942398140855,0,0
louisiana,2009,0.11000639408965261,0,0.11000639408965261,0,0
louisiana,2010,0.10972941683459819,0,0.10972941683459819,0,0
louisiana,2011,0.10864488747740471,0,0.10864488747740471,0,0
louisiana,2012,0.1082957015858756,0,0.1082957015858756,0,0
louisiana,2013,0.10702743298596483,0,0.10702743298596483,0,0
louisiana,2014,0.1062597399343031,0,0.1062597399343031,0,0
louisiana,2015,0.10516621792311635,0,0.10516621792311635,0,0
louisiana,2016,0.10473711445551502,0,0.10473711445551502,0,0
louisiana,2017,0.104098161533252,0,0.104098161533252,0,0
louisiana,2018,0.10371407613994953,0,0.10371407613994953,0,0
louisiana,2019,0.10329998346965473,0,0.10329998346965473,0,0
louisiana,2020,0.10254379059729966,0,0.10254379059729966,0,0
louisiana,2021,0.10234818515839925,0,0.10234818515839925,0,0
louisiana,2022,0.10197771200945768,0,0.10197771200945768,0,0
maine,1991,0,0,0,0,0
maine,1992,0,0,0,0,0
maine,1993,0,0,0,0,0
maine,1994,0,0,0,0,0
maine,1995,0,0,0,0,0
maine,1996,0,0,0,0,0
maine,1997,0.10566224645530728,0,0.10566224645530728,0,0
maine,1998,0.10404041621954013,0,0.10404041621954013,0,0
maine,1999,0.10274214842968593,0,0.10274214842968593,0,0
maine,2000,0.6662889797912726,0,0.22946552739391357,0.436823452397359,0.436823452397359
maine,2001,1,0,1,0,0
maine,2002,1,0,1,0,0
maine,2003,1,0,1,0,0
maine,2004,1,0,1,0,0
maine,2005,1,0,1,0,0
maine,2006,1,0,1,0,0
maine,2007,1,0,1,0,0
maine,2008,1,0,1,0,0
maine,2009,1,0,1,0,0
maine,2010,1,0,1,0,0
maine,2011,1,0,1,0,0
maine,2012,1,0,1,0,0
maine,2013,1,0,1,0,0
maine,2014,1,0,1,0,0
maine,2015,1,0,1,0,0
maine,2016,1,0,1,0,0
maine,2017,1,0,1,0,0
maine,2018,1,0,1,0,0
maine,2019,1,0,1,0,0
maine,2020,1,0,1,0,0
maine,2021,1,0,1,0,0
maine,2022,1,0,1,0,0
maryland,1991,0,0,0,0,0
maryland,1992,1,0,0.8675939286793121,0.13240607132068796,0.13240607132068796
maryland,1993,1,0,0.867252630935662,0.132747369064338,0.132747369064338
maryland,1994,1,0,0,1,1
maryland,1995,1,0,0,1,1
maryland,1996,1,0,0,1,1
maryland,1997,1,0,0,1,1
maryland,1998,1,1,0,0,1
maryland,1999,1,1,0,0,1
maryland,2000,1,1,0,0,1
maryland,2001,1,1,0,0,1
maryland,2002,1,1,0,0,1
maryland,2003,1,1,0,0,1
maryland,2004,1,1,0,0,1
maryland,2005,1,1,0,0,1
maryland,2006,1,1,0,0,1
maryland,2007,1,1,0,0,1
maryland,2008,1,1,0,0,1
maryland,2009,1,1,0,0,1
maryland,2010,1,1,0,0,1
maryland,2011,1,1,0,0,1
maryland,2012,1,1,0,0,1
maryland,2013,1,1,0,0,1
maryland,2014,1,1,0,0,1
maryland,2015,1,1,0,0,1
maryland,2016,1,1,0,0,1
maryland,2017,1,1,0,0,1
maryland,2018,1,1,0,0,1
maryland,2019,1,1,0,0,1
maryland,2020,1,1,0,0,1
maryland,2021,1,1,0,0,1
maryland,2022,1,1,0,0,1
massachusetts,1991,0,0,0,0,0
massachusetts,1992,1,0,0,1,1
massachusetts,1993,1,0,0,1,1
massachusetts,1994,1,0,0,1,1
massachusetts,1995,1,0,0,1,1
massachusetts,1996,1,0,0,1,1
massachusetts,1997,1,0,0,1,1
massachusetts,1998,1,0,0,1,1
massachusetts,1999,1,0,0,1,1
massachusetts,2000,1,0,0,1,1
massachusetts,2001,1,0,0,1,1
massachusetts,2002,1,0,0,1,1
massachusetts,2003,1,0,0,1,1
massachusetts,2004,1,0,0,1,1
massachusetts,2005,1,0,0,1,1
massachusetts,2006,1,0,0,1,1
massachusetts,2007,1,0,0,1,1
massachusetts,2008,1,0,0,1,1
massachusetts,2009,1,0,0,1,1
massachusetts,2010,1,0,0,1,1
massachusetts,2011,1,0,0,1,1
massachusetts,2012,1,0,0,1,1
massachusetts,2013,1,0,0,1,1
massachusetts,2014,1,0,0,1,1
massachusetts,2015,1,0,0,1,1
massachusetts,2016,1,0,0,1,1
massachusetts,2017,1,0,0,1,1
massachusetts,2018,1,0,0,1,1
massachusetts,2019,1,0,0,1,1
massachusetts,2020,1,0,0,1,1
massachusetts,2021,1,0,0,1,1
massachusetts,2022,1,0,0,1,1
michigan,1991,0,0,0,0,0
michigan,1992,0,0,0,0,0
michigan,1993,0,0,0,0,0
michigan,1994,0.9976106038569401,0,0.46077214124551774,0.5368384626114223,0.5368384626114223
michigan,1995,0.9986065924192251,0,0.3954826307982307,0.6031239616209944,0.6031239616209944
michigan,1996,1,0,0.2804832358592204,0.7195167641407796,0.7195167641407796
michigan,1997,1,0,0.1486765090576156,0.8513234909423845,0.8513234909423845
michigan,1998,1,0.33999458321836246,0.11555135607906465,0.5444540607025729,0.8844486439209354
michigan,1999,1,0.338185731927132,0.0038282484620517816,0.6579860196108162,0.9961717515379482
michigan,2000,1,1,0,0,1
michigan,2001,1,1,0,0,1
michigan,2002,1,1,0,0,1
michigan,2003,1,1,0,0,1
michigan,2004,1,1,0,0,1
michigan,2005,1,1,0,0,1
michigan,2006,1,1,0,0,1
michigan,2007,1,1,0,0,1
michigan,2008,1,1,0,0,1
michigan,2009,1,1,0,0,1
michigan,2010,1,1,0,0,1
michigan,2011,1,1,0,0,1
michigan,2012,1,1,0,0,1
michigan,2013,1,1,0,0,1
michigan,2014,1,1,0,0,1
michigan,2015,1,1,0,0,1
michigan,2016,1,1,0,0,1
michigan,2017,1,1,0,0,1
michigan,2018,1,1,0,0,1
michigan,2019,1,1,0,0,1
michigan,2020,1,1,0,0,1
michigan,2021,1,1,0,0,1
michigan,2022,1,1,0,0,1
minnesota,1991,0.31061474652784415,0.31061474652784415,0,0,0.31061474652784415
minnesota,1992,0.31031059280452455,0.31031059280452455,0,0,0.31031059280452455
minnesota,1993,0.3100572178736084,0.3100572178736084,0,0,0.3100572178736084
minnesota,1994,0.415919859182269,0.415919859182269,0,0,0.415919859182269
minnesota,1995,0.5430600115158221,0.5430600115158221,0,0,0.5430600115158221
minnesota,1996,0.549446503500974,0.549446503500974,0,0,0.549446503500974
minnesota,1997,0.652531645297667,0.652531645297667,0,0,0.652531645297667
minnesota,1998,0.7261733733056388,0.7261733733056388,0,0,0.7261733733056388
minnesota,1999,0.8177939628868449,0.8177939628868449,0,0,0.8177939628868449
minnesota,2000,0.8344519659560083,0.8344519659560083,0,0,0.8344519659560083
minnesota,2001,0.8659974468697476,0.8659974468697476,0,0,0.8659974468697476
minnesota,2002,0.8659188562638469,0.8659188562638469,0,0,0.8659188562638469
minnesota,2003,0.8657517261252471,0.8657517261252471,0,0,0.8657517261252471
minnesota,2004,0.8656569255649977,0.8656569255649977,0,0,0.8656569255649977
minnesota,2005,0.8657437971982245,0.8657437971982245,0,0,0.8657437971982245
minnesota,2006,0.8657795906457159,0.8657795906457159,0,0,0.8657795906457159
minnesota,2007,0.866072613235512,0.866072613235512,0,0,0.866072613235512
minnesota,2008,0.8663480803922995,0.8663480803922995,0,0,0.8663480803922995
minnesota,2009,0.8667774739486258,0.8667774739486258,0,0,0.8667774739486258
minnesota,2010,0.8670615798791067,0.8670615798791067,0,0,0.8670615798791067
minnesota,2011,0.8676820219217296,0.8676820219217296,0,0,0.8676820219217296
minnesota,2012,0.8683852895963271,0.8683852895963271,0,0,0.8683852895963271
minnesota,2013,0.86893916388769,0.86893916388769,0,0,0.86893916388769
minnesota,2014,0.8695450892507605,0.8695450892507605,0,0,0.8695450892507605
minnesota,2015,0.8700072233612389,0.8700072233612389,0,0,0.8700072233612389
minnesota,2016,0.870317724000113,0.870317724000113,0,0,0.870317724000113
minnesota,2017,0.8706466168350163,0.8706466168350163,0,0,0.8706466168350163
minnesota,2018,0.8709345539709559,0.8709345539709559,0,0,0.8709345539709559
minnesota,2019,0.8711815450362695,0.8711815450362695,0,0,0.8711815450362695
minnesota,2020,0.8663646793599988,0.8663646793599988,0,0,0.8663646793599988
minnesota,2021,0.8661130480849499,0.8661130480849499,0,0,0.8661130480849499
minnesota,2022,0.8658275051807153,0.8658275051807153,0,0,0.8658275051807153
mississippi,1991,0,0,0,0,0
mississippi,1992,0,0,0,0,0
mississippi,1993,0,0,0,0,0
mississippi,1994,0.025784299873613963,0,0.025784299873613963,0,0
mississippi,1995,0.07449385942472161,0,0.07449385942472161,0,0
mississippi,1996,0.2024097166609465,0,0.2024097166609465,0,0
mississippi,1997,0.2161110673445766,0,0.19746791239690456,0.018643154947672057,0.018643154947672057
mississippi,1998,0.6385483580182929,0,0.4856325894912117,0.1529157685270812,0.1529157685270812
mississippi,1999,1,0,0.7752232692256541,0.2247767307743459,0.2247767307743459
mississippi,2000,1,0,1,0,0
mississippi,2001,1,0,1,0,0
mississippi,2002,1,0,1,0,0
mississippi,2003,1,0,1,0,0
mississippi,2004,1,0,1,0,0
mississippi,2005,1,0,1,0,0
mississippi,2006,1,0,1,0,0
mississippi,2007,1,0,1,0,0
mississippi,2008,1,0,1,0,0
mississippi,2009,1,0,1,0,0
mississippi,2010,1,0,1,0,0
mississippi,2011,1,0,1,0,0
mississippi,2012,1,0,1,0,0
mississippi,2013,1,0,1,0,0
mississippi,2014,1,0,1,0,0
mississippi,2015,1,0,1,0,0
mississippi,2016,1,0,1,0,0
mississippi,2017,1,0,1,0,0
mississippi,2018,1,0,1,0,0
mississippi,2019,1,0,1,0,0
mississippi,2020,1,0,1,0,0
mississippi,2021,1,0,1,0,0
mississippi,2022,1,0,1,0,0
missouri,1991,0.13465497528377982,0,0,0.13465497528377982,0.13465497528377982
missouri,1992,0.13390958995215463,0,0,0.13390958995215463,0.13390958995215463
missouri,1993,0.13299975757052457,0,0,0.13299975757052457,0.13299975757052457
missouri,1994,0.1321950938970511,0,0,0.1321950938970511,0.1321950938970511
missouri,1995,0.13096749788142786,0,0,0.13096749788142786,0.13096749788142786
missouri,1996,0.44035976988344683,0.3094099063272797,0,0.1309498635561671,0.44035976988344683
missouri,1997,0.6700968683532739,0.6700968683532739,0,0,0.6700968683532739
missouri,1998,0.6691957126799394,0.6691957126799394,0,0,0.6691957126799394
missouri,1999,0.6252005913844095,0.6252005913844095,0,0,0.6252005913844095
missouri,2000,0.6282596614103945,0.6282596614103945,0,0,0.6282596614103945
missouri,2001,0.6561120911817097,0.6561120911817097,0,0,0.6561120911817097
missouri,2002,0.6562300260228332,0.6562300260228332,0,0,0.6562300260228332
missouri,2003,0.6559744858070724,0.6559744858070724,0,0,0.6559744858070724
missouri,2004,0.6555186821173395,0.6555186821173395,0,0,0.6555186821173395
missouri,2005,0.6549973326198145,0.6549973326198145,0,0,0.6549973326198145
missouri,2006,0.654472902838482,0.654472902838482,0,0,0.654472902838482
missouri,2007,0.6539061322907335,0.6539061322907335,0,0,0.6539061322907335
missouri,2008,0.6538457589779825,0.6538457589779825,0,0,0.6538457589779825
missouri,2009,0.6539660702241817,0.6539660702241817,0,0,0.6539660702241817
missouri,2010,0.6539274748227848,0.6539274748227848,0,0,0.6539274748227848
missouri,2011,0.6546142818799471,0.6546142818799471,0,0,0.6546142818799471
missouri,2012,0.6552916653395477,0.6552916653395477,0,0,0.6552916653395477
missouri,2013,0.6560159928566275,0.6560159928566275,0,0,0.6560159928566275
missouri,2014,0.6569921280561033,0.6569921280561033,0,0,0.6569921280561033
missouri,2015,0.6579610166772026,0.6579610166772026,0,0,0.6579610166772026
missouri,2016,0.6590267880769585,0.6590267880769585,0,0,0.6590267880769585
missouri,2017,0.6599914609815067,0.6599914609815067,0,0,0.6599914609815067
missouri,2018,0.6606943217419918,0.6606943217419918,0,0,0.6606943217419918
missouri,2019,0.6614543187309438,0.6614543187309438,0,0,0.6614543187309438
missouri,2020,0.5507594250884887,0.5507594250884887,0,0,0.5507594250884887
missouri,2021,0.5510701846761321,0.5510701846761321,0,0,0.5510701846761321
missouri,2022,0.5508367174589665,0.5508367174589665,0,0,0.5508367174589665
montana,1991,0,0,0,0,0
montana,1992,0,0,0,0,0
montana,1993,0,0,0,0,0
montana,1994,0.5517646351921953,0,0.5517646351921953,0,0
montana,1995,0.7327038319752822,0,0.7327038319752822,0,0
montana,1996,0.7346240745154062,0,0.7346240745154062,0,0
montana,1997,0.8515113632891432,0,0.7465867620703811,0.10492460121876208,0.10492460121876208
montana,1998,0.8528902739104237,0,0.7486004528454141,0.1042898210650096,0.1042898210650096
montana,1999,0.9728003724852943,0,0.8693417883262368,0.10345858415905756,0.10345858415905756
montana,2000,0.9736580715910427,0,0.8699152547845979,0.10374281680644482,0.10374281680644482
montana,2001,0.9738211193568337,0,0.9738211193568337,0,0
montana,2002,0.9740398356899661,0,0.9740398356899661,0,0
montana,2003,0.9742745716775987,0,0.9742745716775987,0,0
montana,2004,0.9743256713081826,0,0.9743256713081826,0,0
montana,2005,0.9744915443270167,0,0.9744915443270167,0,0
montana,2006,0.974693460909348,0,0.974693460909348,0,0
montana,2007,0.9748708678940898,0,0.9748708678940898,0,0
montana,2008,0.9751526148817535,0,0.9751526148817535,0,0
montana,2009,0.9752124434489091,0,0.9752124434489091,0,0
montana,2010,0.975274930755322,0,0.975274930755322,0,0
montana,2011,0.9754290042758842,0,0.9754290042758842,0,0
montana,2012,0.9754772645127372,0,0.9754772645127372,0,0
montana,2013,0.9757790819661454,0,0.9757790819661454,0,0
montana,2014,0.9759251779965151,0,0.9759251779965151,0,0
montana,2015,0.9761850274502086,0,0.9761850274502086,0,0
montana,2016,0.9761344138083347,0,0.9761344138083347,0,0
montana,2017,0.9762308333034787,0,0.9762308333034787,0,0
montana,2018,0.9762834263786924,0,0.9762834263786924,0,0
montana,2019,0.9762693971644492,0,0.9762693971644492,0,0
montana,2020,0.9758306191044834,0,0.9758306191044834,0,0
montana,2021,0.9757670449704343,0,0.9757670449704343,0,0
montana,2022,0.9756822607994896,0,0.9756822607994896,0,0
nebraska,1991,0,0,0,0,0
nebraska,1992,0,0,0,0,0
nebraska,1993,0,0,0,0,0
nebraska,1994,0,0,0,0,0
nebraska,1995,0,0,0,0,0
nebraska,1996,0,0,0,0,0
nebraska,1997,0.47910259167002894,0,0,0.47910259167002894,0.47910259167002894
nebraska,1998,0.48144733712489574,0,0,0.48144733712489574,0.48144733712489574
nebraska,1999,0.484152361668309,0,0,0.484152361668309,0.484152361668309
nebraska,2000,0.4900127707659191,0,0,0.4900127707659191,0.4900127707659191
nebraska,2001,0.4939196255224504,0,0,0.4939196255224504,0.4939196255224504
nebraska,2002,0.49762030579779515,0,0,0.49762030579779515,0.49762030579779515
nebraska,2003,0.5013419787642288,0,0,0.5013419787642288,0.5013419787642288
nebraska,2004,0.5051928736721906,0,0,0.5051928736721906,0.5051928736721906
nebraska,2005,0.5095024063373983,0,0,0.5095024063373983,0.5095024063373983
nebraska,2006,0.5135570697024843,0,0,0.5135570697024843,0.5135570697024843
nebraska,2007,0.5176799531099701,0,0,0.5176799531099701,0.5176799531099701
nebraska,2008,0.5217193259903554,0,0,0.5217193259903554,0.5217193259903554
nebraska,2009,0.5248727199684794,0,0,0.5248727199684794,0.5248727199684794
nebraska,2010,0.5273124210293805,0,0,0.5273124210293805,0.5273124210293805
nebraska,2011,0.530752597247681,0,0,0.530752597247681,0.530752597247681
nebraska,2012,0.5342471963963614,0,0,0.5342471963963614,0.5342471963963614
nebraska,2013,0.537783864977147,0,0,0.537783864977147,0.537783864977147
nebraska,2014,0.5415552708601344,0,0,0.5415552708601344,0.5415552708601344
nebraska,2015,0.5449040294311155,0,0,0.5449040294311155,0.5449040294311155
nebraska,2016,0.5481396641564044,0,0,0.5481396641564044,0.5481396641564044
nebraska,2017,0.5512432039610453,0,0,0.5512432039610453,0.5512432039610453
nebraska,2018,0.5542396230061024,0,0,0.5542396230061024,0.5542396230061024
nebraska,2019,0.5572186767353667,0,0,0.5572186767353667,0.5572186767353667
nebraska,2020,0.5602814441666208,0,0,0.5602814441666208,0.5602814441666208
nebraska,2021,0.5614836404816608,0,0,0.5614836404816608,0.5614836404816608
nebraska,2022,0.5625744213619992,0,0,0.5625744213619992,0.5625744213619992
nevada,1991,0,0,0,0,0
nevada,1992,0,0,0,0,0
nevada,1993,0,0,0,0,0
nevada,1994,0,0,0,0,0
nevada,1995,0,0,0,0,0
nevada,1996,0,0,0,0,0
nevada,1997,0,0,0,0,0
nevada,1998,0,0,0,0,0
nevada,1999,0.6933334089086266,0.6933334089086266,0,0,0.6933334089086266
nevada,2000,0.7089452454082118,0.7089452454082118,0,0,0.7089452454082118
nevada,2001,0.7142064239945973,0.7142064239945973,0,0,0.7142064239945973
nevada,2002,0.7186196496181737,0.7186196496181737,0,0,0.7186196496181737
nevada,2003,0.7221710636683905,0.7221710636683905,0,0,0.7221710636683905
nevada,2004,0.7260297778342496,0.7260297778342496,0,0,0.7260297778342496
nevada,2005,0.7278639789138868,0.7278639789138868,0,0,0.7278639789138868
nevada,2006,0.731087430205638,0.731087430205638,0,0,0.731087430205638
nevada,2007,0.7336902895139572,0.7336902895139572,0,0,0.7336902895139572
nevada,2008,0.7360629665468088,0.7360629665468088,0,0,0.7360629665468088
nevada,2009,0.7376235326692184,0.7376235326692184,0,0,0.7376235326692184
nevada,2010,0.7375422297297297,0.7375422297297297,0,0,0.7375422297297297
nevada,2011,0.7381057721174965,0.7381057721174965,0,0,0.7381057721174965
nevada,2012,0.7395753553205506,0.7395753553205506,0,0,0.7395753553205506
nevada,2013,0.7410037454394243,0.7410037454394243,0,0,0.7410037454394243
nevada,2014,0.7429346209543826,0.7429346209543826,0,0,0.7429346209543826
nevada,2015,0.7454010510969042,0.7454010510969042,0,0,0.7454010510969042
nevada,2016,0.7469525908914387,0.7469525908914387,0,0,0.7469525908914387
nevada,2017,0.748321055316078,0.748321055316078,0,0,0.748321055316078
nevada,2018,0.7489942428668377,0.7489942428668377,0,0,0.7489942428668377
nevada,2019,0.7495155807740126,0.7495155807740126,0,0,0.7495155807740126
nevada,2020,0.7441192036776688,0.7441192036776688,0,0,0.7441192036776688
nevada,2021,0.7433316450055507,0.7433316450055507,0,0,0.7433316450055507
nevada,2022,0.744555927569665,0.744555927569665,0,0,0.744555927569665
new hampshire,1991,0,0,0,0,0
new hampshire,1992,0,0,0,0,0
new hampshire,1993,0,0,0,0,0
new hampshire,1994,0,0,0,0,0
new hampshire,1995,0,0,0,0,0
new hampshire,1996,0,0,0,0,0
new hampshire,1997,0,0,0,0,0
new hampshire,1998,0,0,0,0,0
new hampshire,1999,0,0,0,0,0
new hampshire,2000,0,0,0,0,0
new hampshire,2001,0,0,0,0,0
new hampshire,2002,0,0,0,0,0
new hampshire,2003,0,0,0,0,0
new hampshire,2004,0,0,0,0,0
new hampshire,2005,0,0,0,0,0
new hampshire,2006,0,0,0,0,0
new hampshire,2007,0,0,0,0,0
new hampshire,2008,0,0,0,0,0
new hampshire,2009,0,0,0,0,0
new hampshire,2010,0,0,0,0,0
new hampshire,2011,0,0,0,0,0
new hampshire,2012,0,0,0,0,0
new hampshire,2013,0,0,0,0,0
new hampshire,2014,0,0,0,0,0
new hampshire,2015,0,0,0,0,0
new hampshire,2016,0,0,0,0,0
new hampshire,2017,0,0,0,0,0
new hampshire,2018,0,0,0,0,0
new hampshire,2019,0,0,0,0,0
new hampshire,2020,0,0,0,0,0
new hampshire,2021,0,0,0,0,0
new hampshire,2022,0,0,0,0,0
new jersey,1991,0,0,0,0,0
new jersey,1992,0,0,0,0,0
new jersey,1993,0,0,0,0,0
new jersey,1994,0,0,0,0,0
new jersey,1995,0,0,0,0,0
new jersey,1996,0.2566869775116261,0.2566869775116261,0,0,0.2566869775116261
new jersey,1997,0.8442447424669688,0.8442447424669688,0,0,0.8442447424669688
new jersey,1998,0.9550365511101678,0.9550365511101678,0,0,0.9550365511101678
new jersey,1999,1,1,0,0,1
new jersey,2000,1,1,0,0,1
new jersey,2001,1,1,0,0,1
new jersey,2002,1,1,0,0,1
new jersey,2003,1,1,0,0,1
new jersey,2004,1,1,0,0,1
new jersey,2005,1,1,0,0,1
new jersey,2006,1,1,0,0,1
new jersey,2007,1,1,0,0,1
new jersey,2008,1,1,0,0,1
new jersey,2009,1,1,0,0,1
new jersey,2010,1,1,0,0,1
new jersey,2011,1,1,0,0,1
new jersey,2012,1,1,0,0,1
new jersey,2013,1,1,0,0,1
new jersey,2014,1,1,0,0,1
new jersey,2015,1,1,0,0,1
new jersey,2016,1,1,0,0,1
new jersey,2017,1,1,0,0,1
new jersey,2018,1,1,0,0,1
new jersey,2019,1,1,0,0,1
new jersey,2020,1,1,0,0,1
new jersey,2021,1,1,0,0,1
new jersey,2022,1,1,0,0,1
new mexico,1991,0,0,0,0,0
new mexico,1992,0.21624815979710396,0,0.21624815979710396,0,0
new mexico,1993,0.7615655227612566,0,0.7615655227612566,0,0
new mexico,1994,0.7614595220620989,0,0.7614595220620989,0,0
new mexico,1995,0.8899154372290456,0,0.8899154372290456,0,0
new mexico,1996,0.9731929315617643,0,0.9731929315617643,0,0
new mexico,1997,0.972598723476537,0,0.972598723476537,0,0
new mexico,1998,0.7723007205014898,0.6808828672086564,0.09141785329283342,0,0.6808828672086564
new mexico,1999,1,1,0,0,1
new mexico,2000,1,1,0,0,1
new mexico,2001,1,1,0,0,1
new mexico,2002,1,1,0,0,1
new mexico,2003,1,1,0,0,1
new mexico,2004,1,1,0,0,1
new mexico,2005,1,1,0,0,1
new mexico,2006,1,1,0,0,1
new mexico,2007,1,1,0,0,1
new mexico,2008,1,1,0,0,1
new mexico,2009,1,1,0,0,1
new mexico,2010,1,1,0,0,1
new mexico,2011,1,1,0,0,1
new mexico,2012,1,1,0,0,1
new mexico,2013,1,1,0,0,1
new mexico,2014,1,1,0,0,1
new mexico,2015,1,1,0,0,1
new mexico,2016,1,1,0,0,1
new mexico,2017,1,1,0,0,1
new mexico,2018,1,1,0,0,1
new mexico,2019,1,1,0,0,1
new mexico,2020,1,1,0,0,1
new mexico,2021,1,1,0,0,1
new mexico,2022,1,1,0,0,1
new york,1991,0,0,0,0,0
new york,1992,0,0,0,0,0
new york,1993,0,0,0,0,0
new york,1994,0,0,0,0,0
new york,1995,0,0,0,0,0
new york,1996,0.04931012148862528,0.04931012148862528,0,0,0.04931012148862528
new york,1997,0.04944807265544179,0.04944807265544179,0,0,0.04944807265544179
new york,1998,0.09115562437948965,0.09115562437948965,0,0,0.09115562437948965
new york,1999,0.23443253207044087,0.1834732128499139,0,0.05095931922052697,0.23443253207044087
new york,2000,0.4464006529914566,0.3964348076864378,0,0.04996584530501879,0.4464006529914566
new york,2001,0.4462587273444338,0.39665840060058155,0,0.04960032674385225,0.4462587273444338
new york,2002,0.44563837013658836,0.3963353677016167,0,0.04930300243497163,0.44563837013658836
new york,2003,0.44517767813091186,0.39606164788071135,0,0.049116030250200525,0.44517767813091186
new york,2004,0.4450512052562005,0.39610721439723734,0,0.04894399085896317,0.4450512052562005
new york,2005,0.4449401832787058,0.39624086833944766,0,0.04869931493925816,0.4449401832787058
new york,2006,0.4451001435201758,0.396653041872413,0,0.04844710164776279,0.4451001435201758
new york,2007,0.44498102296452574,0.3967962614077163,0,0.04818476155680945,0.44498102296452574
new york,2008,0.4449271815401233,0.39701181047525674,0,0.04791537106486653,0.4449271815401233
new york,2009,0.44465135199724287,0.397034899036446,0,0.04761645296079684,0.44465135199724287
new york,2010,0.44451001186708494,0.3971307448428284,0,0.047379267024256544,0.44451001186708494
new york,2011,0.44524415078515106,0.39807087875881936,0,0.04717327202633169,0.44524415078515106
new york,2012,0.4459400359639527,0.39894114995137164,0,0.04699888601258105,0.4459400359639527
new york,2013,0.44638093496341574,0.39945635155986814,0,0.046924583403547625,0.44638093496341574
new york,2014,0.44666088817955724,0.3997547408283395,0,0.04690614735121774,0.44666088817955724
new york,2015,0.4469888727694482,0.40014788345932717,0,0.04684098931012107,0.4469888727694482
new york,2016,0.4470542790591638,0.400262755948681,0,0.0467915231104828,0.4470542790591638
new york,2017,0.44689603223592633,0.39998158203762696,0,0.04691445019829938,0.44689603223592633
new york,2018,0.44709969626249935,0.40000801828907223,0,0.0470916779734271,0.44709969626249935
new york,2019,0.44745108620473134,0.40022569646760303,0,0.04722538973712833,0.44745108620473134
new york,2020,0.45213876450943796,0.40451304663578874,0,0.047625717873649234,0.45213876450943796
new york,2021,0.4487565341920623,0.40049976950582583,0,0.048256764686236485,0.4487565341920623
new york,2022,0.450041196229542,0.40156845680779385,0,0.048472739421748144,0.450041196229542
north carolina,1991,0.0047231769636234345,0,0.0047231769636234345,0,0
north carolina,1992,0.08982528039320518,0,0.08982528039320518,0,0
north carolina,1993,0.13253628049693528,0,0.13253628049693528,0,0
north carolina,1994,0.2566644303260317,0,0.2566644303260317,0,0
north carolina,1995,0.3880669876189339,0,0.3880669876189339,0,0
north carolina,1996,0.5260984767521284,0,0.5260984767521284,0,0
north carolina,1997,0.6750143996804671,0.083119542446686,0.5918948572337811,0,0.083119542446686
north carolina,1998,0.836645490018769,0.08407003547174004,0.588920806246394,0.16365464830063495,0.247724683772375
north carolina,1999,1,0.08516084844411918,0.6362778969744174,0.2785612545814634,0.3637221030255826
north carolina,2000,1,0.08712869661461395,0.7685857399647658,0.14428556342062024,0.2314142600352342
north carolina,2001,1,0.08817708513165753,0.7682578116754493,0.14356510319289326,0.2317421883245508
north carolina,2002,1,0.08890452948043591,0.768361484386035,0.14273398613352906,0.23163851561396498
north carolina,2003,1,0.08998268349705046,0.7679863091025612,0.14203100740038835,0.2320136908974388
north carolina,2004,1,0.09083085989948955,0.7682955175479643,0.14087362255254612,0.23170448245203568
north carolina,2005,1,0.09221009791090763,0.7675416012834355,0.14024830080565687,0.23245839871656448
north carolina,2006,1,0.09370886888656206,0.7668441541654002,0.1394469769480377,0.23315584583459975
north carolina,2007,1,0.0950194253893564,0.7661428225688066,0.138837752041837,0.23385717743119339
north carolina,2008,1,0.09584690503644971,0.7658415869904209,0.13831150797312936,0.23415841300957907
north carolina,2009,1,0.09662231686047222,0.765728543629404,0.13764913951012372,0.23427145637059593
north carolina,2010,1,0.09688535925444483,0.7663136367600247,0.1368010039855304,0.23368636323997524
north carolina,2011,1,0.09818664974987358,0.765265659780418,0.13654769046970835,0.23473434021958195
north carolina,2012,1,0.09965122283251328,0.7641491653800612,0.13619961178742554,0.23585083461993883
north carolina,2013,1,0.10110687398802753,0.7630129262021071,0.13588019980986527,0.2369870737978928
north carolina,2014,1,0.1021684122380126,0.7620704337026744,0.13576115405931302,0.23792956629732562
north carolina,2015,1,0.10346162122563467,0.7611099745971609,0.13542840417720445,0.2388900254028391
north carolina,2016,1,0.10454096480665231,0.7601736195393001,0.13528541565404759,0.2398263804606999
north carolina,2017,1,0.1054594718848887,0.7595811467111409,0.1349593814039704,0.2404188532888591
north carolina,2018,1,0.10581793027384472,0.7595644413055151,0.13461762842064018,0.2404355586944849
north carolina,2019,1,0.10633222783272082,0.7593474367018542,0.13432033546542496,0.24065256329814577
north carolina,2020,1,0.10734888582431132,0.7570552771977657,0.13559583697792305,0.24294472280223436
north carolina,2021,1,0.10703497339528271,0.7578197151456346,0.1351453114590827,0.24218028485436544
north carolina,2022,1,0.10741267893506935,0.7579139834816889,0.1346733375832417,0.24208601651831108
north dakota,1991,0,0,0,0,0
north dakota,1992,0,0,0,0,0
north dakota,1993,0,0,0,0,0
north dakota,1994,1,0,1,0,0
north dakota,1995,1,0,1,0,0
north dakota,1996,1,0,1,0,0
north dakota,1997,1,0,1,0,0
north dakota,1998,1,0,0.8952458013771262,0.10475419862287383,0.10475419862287383
north dakota,1999,1,0,0.8978335661976493,0.10216643380235071,0.10216643380235071
north dakota,2000,1,0,0.8964135987648897,0.10358640123511027,0.10358640123511027
north dakota,2001,1,0,0.8966504839065603,0.10334951609343968,0.10334951609343968
north dakota,2002,1,0,0.8967612102845779,0.10323878971542214,0.10323878971542214
north dakota,2003,1,0,0.897062950734893,0.10293704926510701,0.10293704926510701
north dakota,2004,1,0,0.8952266098885735,0.10477339011142649,0.10477339011142649
north dakota,2005,1,0,0.8961586055775651,0.10384139442243494,0.10384139442243494
north dakota,2006,1,0,0.8959856758621224,0.10401432413787758,0.10401432413787758
north dakota,2007,1,0,0.8977134997270633,0.1022865002729367,0.1022865002729367
north dakota,2008,1,0,0.8975787899612918,0.10242121003870813,0.10242121003870813
north dakota,2009,1,0,0.8993411276190707,0.10065887238092933,0.10065887238092933
north dakota,2010,1,0,0.9000961846745752,0.09990381532542482,0.09990381532542482
north dakota,2011,1,0,0.902142028687622,0.09785797131237796,0.09785797131237796
north dakota,2012,1,0,0.9030513950115552,0.09694860498844483,0.09694860498844483
north dakota,2013,1,0,0.9037489466316588,0.09625105336834114,0.09625105336834114
north dakota,2014,1,0,0.9048635970026114,0.09513640299738854,0.09513640299738854
north dakota,2015,1,0,0.906188577600576,0.09381142239942394,0.09381142239942394
north dakota,2016,1,0,0.9060761993866625,0.0939238006133375,0.0939238006133375
north dakota,2017,1,0,0.906119937510072,0.09388006248992796,0.09388006248992796
north dakota,2018,1,0,0.9066916001883276,0.09330839981167234,0.09330839981167234
north dakota,2019,1,0,0.9083779234211415,0.0916220765788585,0.0916220765788585
north dakota,2020,1,0,0.9056807425766833,0.09431925742331668,0.09431925742331668
north dakota,2021,1,0,0.9062078839337746,0.09379211606622535,0.09379211606622535
north dakota,2022,1,0,0.906533769726755,0.09346623027324492,0.09346623027324492
ohio,1991,0.052757721830553446,0.052757721830553446,0,0,0.052757721830553446
ohio,1992,0.05264669089154504,0.05264669089154504,0,0,0.05264669089154504
ohio,1993,0.05242470302961769,0.05242470302961769,0,0,0.05242470302961769
ohio,1994,0.05192219031478235,0.05192219031478235,0,0,0.05192219031478235
ohio,1995,0.05161603199837928,0.05161603199837928,0,0,0.05161603199837928
ohio,1996,0.12787527767813303,0.12787527767813303,0,0,0.12787527767813303
ohio,1997,0.4589383673519257,0.4589383673519257,0,0,0.4589383673519257
ohio,1998,0.4571425698637392,0.4571425698637392,0,0,0.4571425698637392
ohio,1999,0.4804335136663507,0.4804335136663507,0,0,0.4804335136663507
ohio,2000,0.4825459805977766,0.4825459805977766,0,0,0.4825459805977766
ohio,2001,0.48151835132924065,0.48151835132924065,0,0,0.48151835132924065
ohio,2002,0.4796553507840057,0.4796553507840057,0,0,0.4796553507840057
ohio,2003,0.47789648570659987,0.47789648570659987,0,0,0.47789648570659987
ohio,2004,0.475749963915391,0.475749963915391,0,0,0.475749963915391
ohio,2005,0.4739724617301096,0.4739724617301096,0,0,0.4739724617301096
ohio,2006,0.47230654112940856,0.47230654112940856,0,0,0.47230654112940856
ohio,2007,0.47135073111807274,0.47135073111807274,0,0,0.47135073111807274
ohio,2008,0.4707772406512293,0.4707772406512293,0,0,0.4707772406512293
ohio,2009,0.4710075448681296,0.4710075448681296,0,0,0.4710075448681296
ohio,2010,0.471069045913907,0.471069045913907,0,0,0.471069045913907
ohio,2011,0.47112921355954696,0.47112921355954696,0,0,0.47112921355954696
ohio,2012,0.47204704715755746,0.47204704715755746,0,0,0.47204704715755746
ohio,2013,0.47304970922588885,0.47304970922588885,0,0,0.47304970922588885
ohio,2014,0.47376145207580994,0.47376145207580994,0,0,0.47376145207580994
ohio,2015,0.47465050005909176,0.47465050005909176,0,0,0.47465050005909176
ohio,2016,0.4753662639231862,0.4753662639231862,0,0,0.4753662639231862
ohio,2017,0.47594301715746185,0.47594301715746185,0,0,0.47594301715746185
ohio,2018,0.47604622030137694,0.47604622030137694,0,0,0.47604622030137694
ohio,2019,0.47594049156906865,0.47594049156906865,0,0,0.47594049156906865
ohio,2020,0.4771509299820686,0.4771509299820686,0,0,0.4771509299820686
ohio,2021,0.47573922713093425,0.47573922713093425,0,0,0.47573922713093425
ohio,2022,0.47494131864111805,0.47494131864111805,0,0,0.47494131864111805
oklahoma,1991,0,0,0,0,0
oklahoma,1992,0,0,0,0,0
oklahoma,1993,0,0,0,0,0
oklahoma,1994,0,0,0,0,0
oklahoma,1995,0,0,0,0,0
oklahoma,1996,0.44480971467747993,0.44480971467747993,0,0,0.44480971467747993
oklahoma,1997,1,0.5663803307721732,0.4336196692278268,0,0.5663803307721732
oklahoma,1998,1,0.5675249429923578,0.43247505700764216,0,0.5675249429923578
oklahoma,1999,1,0.5691414001243724,0.43085859987562763,0,0.5691414001243724
oklahoma,2000,1,0.570911585776257,0.429088414223743,0,0.570911585776257
oklahoma,2001,1,0.6062426812033112,0.39375731879668885,0,0.6062426812033112
oklahoma,2002,1,0.60809783667901,0.39190216332099004,0,0.60809783667901
oklahoma,2003,1,0.6089246116570781,0.3910753883429218,0,0.6089246116570781
oklahoma,2004,1,0.6100252096811757,0.3899747903188243,0,0.6100252096811757
oklahoma,2005,1,0.6113204739788711,0.38867952602112893,0,0.6113204739788711
oklahoma,2006,1,0.6130497566838894,0.3869502433161106,0,0.6130497566838894
oklahoma,2007,1,0.6150039525648198,0.3849960474351803,0,0.6150039525648198
oklahoma,2008,1,0.6160926100361518,0.3839073899638482,0,0.6160926100361518
oklahoma,2009,1,0.617729528843019,0.38227047115698093,0,0.617729528843019
oklahoma,2010,1,0.6203329092135415,0.3796670907864585,0,0.6203329092135415
oklahoma,2011,1,0.6225565076778221,0.3774434923221779,0,0.6225565076778221
oklahoma,2012,1,0.625153516248762,0.37484648375123797,0,0.625153516248762
oklahoma,2013,1,0.6274878581879958,0.3725121418120042,0,0.6274878581879958
oklahoma,2014,1,0.6296336406676625,0.3703663593323375,0,0.6296336406676625
oklahoma,2015,1,0.6325330604936693,0.36746693950633075,0,0.6325330604936693
oklahoma,2016,1,0.6353297773417473,0.3646702226582527,0,0.6353297773417473
oklahoma,2017,1,0.6373359455205331,0.3626640544794669,0,0.6373359455205331
oklahoma,2018,1,0.6392545114694935,0.3607454885305064,0,0.6392545114694935
oklahoma,2019,1,0.6418042992986301,0.3581957007013698,0,0.6418042992986301
oklahoma,2020,1,0.6514450345175089,0.3485549654824911,0,0.6514450345175089
oklahoma,2021,1,0.653056617916372,0.3469433820836279,0,0.653056617916372
oklahoma,2022,1,0.6546328923827232,0.34536710761727685,0,0.6546328923827232
oregon,1991,0,0,0,0,0
oregon,1992,0,0,0,0,0
oregon,1993,0,0,0,0,0
oregon,1994,0,0,0,0,0
oregon,1995,1,1,0,0,1
oregon,1996,1,1,0,0,1
oregon,1997,1,1,0,0,1
oregon,1998,1,1,0,0,1
oregon,1999,1,1,0,0,1
oregon,2000,1,1,0,0,1
oregon,2001,1,1,0,0,1
oregon,2002,1,1,0,0,1
oregon,2003,1,1,0,0,1
oregon,2004,1,1,0,0,1
oregon,2005,1,1,0,0,1
oregon,2006,1,1,0,0,1
oregon,2007,1,1,0,0,1
oregon,2008,1,1,0,0,1
oregon,2009,1,1,0,0,1
oregon,2010,1,1,0,0,1
oregon,2011,1,1,0,0,1
oregon,2012,1,1,0,0,1
oregon,2013,1,1,0,0,1
oregon,2014,1,1,0,0,1
oregon,2015,1,1,0,0,1
oregon,2016,1,1,0,0,1
oregon,2017,1,1,0,0,1
oregon,2018,1,1,0,0,1
oregon,2019,1,1,0,0,1
oregon,2020,1,1,0,0,1
oregon,2021,1,1,0,0,1
oregon,2022,1,1,0,0,1
pennsylvania,1991,0,0,0,0,0
pennsylvania,1992,0,0,0,0,0
pennsylvania,1993,0,0,0,0,0
pennsylvania,1994,0,0,0,0,0
pennsylvania,1995,0.4370624962373113,0,0.29084804040839995,0.14621445582891135,0.14621445582891135
pennsylvania,1996,0.6292227405698309,0,0.4327200767726262,0.19650266379720466,0.19650266379720466
pennsylvania,1997,0.6289875793570794,0,0.3255102941456717,0.3034772852114077,0.3034772852114077
pennsylvania,1998,0.9487653552052365,0.31024556532528896,0.24971110626077678,0.38880868361917076,0.6990542489444598
pennsylvania,1999,0.9784952277952604,0.5303773067023884,0.17067960690289583,0.27743831418997617,0.8078156208923646
pennsylvania,2000,1,0.5315047483642708,0.1591814306170933,0.30931382101863597,0.8408185693829067
pennsylvania,2001,1,0.5306048202392958,0.13372932778627725,0.335665851974427,0.8662706722137228
pennsylvania,2002,1,0.5293177092032534,0.13430474607207196,0.3363775447246747,0.8656952539279281
pennsylvania,2003,1,0.5278217322463733,0.1348971157235412,0.33728115203008546,0.8651028842764588
pennsylvania,2004,1,0.5263089371461103,0.13556655512552826,0.3381245077283615,0.8644334448744717
pennsylvania,2005,1,0.5243524340987843,0.1362725169825766,0.3393750489186391,0.8637274830174234
pennsylvania,2006,1,0.5219637428307865,0.13718421369269643,0.34085204347651704,0.8628157863073036
pennsylvania,2007,1,0.5207252586523909,0.13754232065260627,0.3417324206950028,0.8624576793473937
pennsylvania,2008,1,0.5200712038075721,0.13766859804037562,0.3422601981520523,0.8623314019596244
pennsylvania,2009,1,0.5199762626734342,0.13765407496714174,0.342369662359424,0.8623459250328582
pennsylvania,2010,1,0.5201390295011413,0.1375449515168954,0.34231601898196334,0.8624550484831046
pennsylvania,2011,1,0.5205477554062029,0.13737710562899458,0.34207513896480246,0.8626228943710054
pennsylvania,2012,1,0.5210055066919743,0.13723881683810552,0.3417556764699202,0.8627611831618945
pennsylvania,2013,0.9999999999999999,0.5215825561249808,0.13711751387147966,0.3412999300035395,0.8628824861285203
pennsylvania,2014,1,0.5218977896022727,0.13696463191028796,0.34113757848743925,0.863035368089712
pennsylvania,2015,1,0.5220221800777968,0.13688076352179718,0.341097056400406,0.8631192364782028
pennsylvania,2016,1,0.5221171993009751,0.13678510557387188,0.341097695125153,0.8632148944261281
pennsylvania,2017,1,0.5218474348474562,0.13666074624602206,0.34149181890652164,0.8633392537539779
pennsylvania,2018,1,0.5215942480124565,0.13672122478011708,0.3416845272074265,0.8632787752198829
pennsylvania,2019,1,0.5217626423006193,0.13655334962626253,0.3416840080731182,0.8634466503737375
pennsylvania,2020,1,0.5240711788844498,0.134794093868057,0.3411347272474932,0.865205906131943
pennsylvania,2021,1,0.5232432434099058,0.13507676575969857,0.3416799908303957,0.8649232342403015
pennsylvania,2022,1,0.5219556934775266,0.1352207871903715,0.34282351933210187,0.8647792128096284
rhode island,1991,0,0,0,0,0
rhode island,1992,0,0,0,0,0
rhode island,1993,0,0,0,0,0
rhode island,1994,0,0,0,0,0
rhode island,1995,1,1,0,0,1
rhode island,1996,1,1,0,0,1
rhode island,1997,1,1,0,0,1
rhode island,1998,1,1,0,0,1
rhode island,1999,1,1,0,0,1
rhode island,2000,1,1,0,0,1
rhode island,2001,1,1,0,0,1
rhode island,2002,1,1,0,0,1
rhode island,2003,1,1,0,0,1
rhode island,2004,1,1,0,0,1
rhode island,2005,1,1,0,0,1
rhode island,2006,1,1,0,0,1
rhode island,2007,1,1,0,0,1
rhode island,2008,1,1,0,0,1
rhode island,2009,1,1,0,0,1
rhode island,2010,1,1,0,0,1
rhode island,2011,1,1,0,0,1
rhode island,2012,1,1,0,0,1
rhode island,2013,1,1,0,0,1
rhode island,2014,1,1,0,0,1
rhode island,2015,1,1,0,0,1
rhode island,2016,1,1,0,0,1
rhode island,2017,1,1,0,0,1
rhode island,2018,1,1,0,0,1
rhode island,2019,1,1,0,0,1
rhode island,2020,1,1,0,0,1
rhode island,2021,1,1,0,0,1
rhode island,2022,1,1,0,0,1
south carolina,1991,0,0,0,0,0
south carolina,1992,0,0,0,0,0
south carolina,1993,0,0,0,0,0
south carolina,1994,0,0,0,0,0
south carolina,1995,0,0,0,0,0
south carolina,1996,0,0,0,0,0
south carolina,1997,0,0,0,0,0
south carolina,1998,0,0,0,0,0
south carolina,1999,0,0,0,0,0
south carolina,2000,0,0,0,0,0
south carolina,2001,0,0,0,0,0
south carolina,2002,0,0,0,0,0
south carolina,2003,0,0,0,0,0
south carolina,2004,0,0,0,0,0
south carolina,2005,0,0,0,0,0
south carolina,2006,0,0,0,0,0
south carolina,2007,0,0,0,0,0
south carolina,2008,0,0,0,0,0
south carolina,2009,0,0,0,0,0
south carolina,2010,0,0,0,0,0
south carolina,2011,0,0,0,0,0
south carolina,2012,0,0,0,0,0
south carolina,2013,0,0,0,0,0
south carolina,2014,0,0,0,0,0
south carolina,2015,0,0,0,0,0
south carolina,2016,0,0,0,0,0
south carolina,2017,0,0,0,0,0
south carolina,2018,0,0,0,0,0
south carolina,2019,0,0,0,0,0
south carolina,2020,0,0,0,0,0
south carolina,2021,0,0,0,0,0
south carolina,2022,0,0,0,0,0
south dakota,1991,0,0,0,0,0
south dakota,1992,0,0,0,0,0
south dakota,1993,0,0,0,0,0
south dakota,1994,0.03434612708249035,0,0.03434612708249035,0,0
south dakota,1995,0.5399340374343814,0,0.5399340374343814,0,0
south dakota,1996,1,0,1,0,0
south dakota,1997,1,0,1,0,0
south dakota,1998,1,0,1,0,0
south dakota,1999,1,0,1,0,0
south dakota,2000,1,0,1,0,0
south dakota,2001,1,0,1,0,0
south dakota,2002,1,0,1,0,0
south dakota,2003,1,0,1,0,0
south dakota,2004,1,0,1,0,0
south dakota,2005,1,0,1,0,0
south dakota,2006,1,0,1,0,0
south dakota,2007,1,0,1,0,0
south dakota,2008,1,0,1,0,0
south dakota,2009,1,0,1,0,0
south dakota,2010,1,0,1,0,0
south dakota,2011,1,0,1,0,0
south dakota,2012,1,0,1,0,0
south dakota,2013,1,0,1,0,0
south dakota,2014,1,0,1,0,0
south dakota,2015,1,0,1,0,0
south dakota,2016,1,0,1,0,0
south dakota,2017,1,0,1,0,0
south dakota,2018,1,0,1,0,0
south dakota,2019,1,0,1,0,0
south dakota,2020,1,0,1,0,0
south dakota,2021,1,0,1,0,0
south dakota,2022,1,0,1,0,0
tennessee,1991,0,0,0,0,0
tennessee,1992,0,0,0,0,0
tennessee,1993,0,0,0,0,0
tennessee,1994,1,1,0,0,1
tennessee,1995,1,1,0,0,1
tennessee,1996,1,1,0,0,1
tennessee,1997,1,1,0,0,1
tennessee,1998,1,1,0,0,1
tennessee,1999,1,1,0,0,1
tennessee,2000,1,1,0,0,1
tennessee,2001,1,1,0,0,1
tennessee,2002,1,1,0,0,1
tennessee,2003,1,1,0,0,1
tennessee,2004,1,1,0,0,1
tennessee,2005,1,1,0,0,1
tennessee,2006,1,1,0,0,1
tennessee,2007,1,1,0,0,1
tennessee,2008,1,1,0,0,1
tennessee,2009,1,1,0,0,1
tennessee,2010,1,1,0,0,1
tennessee,2011,1,1,0,0,1
tennessee,2012,1,1,0,0,1
tennessee,2013,1,1,0,0,1
tennessee,2014,1,1,0,0,1
tennessee,2015,1,1,0,0,1
tennessee,2016,1,1,0,0,1
tennessee,2017,1,1,0,0,1
tennessee,2018,1,1,0,0,1
tennessee,2019,1,1,0,0,1
tennessee,2020,1,1,0,0,1
tennessee,2021,1,1,0,0,1
tennessee,2022,1,1,0,0,1
texas,1991,0,0,0,0,0
texas,1992,0,0,0,0,0
texas,1993,0,0,0,0,0
texas,1994,0.0633104971220019,0.03574177638782747,0.02756872073417443,0,0.03574177638782747
texas,1995,0.06338438661065843,0.03606076572876148,0.027323620881896944,0,0.03606076572876148
texas,1996,0.07344600866007298,0.03619635885230616,0.037249649807766815,0,0.03619635885230616
texas,1997,0.29992130702986175,0.16260183892220686,0.03685031583035458,0.10046915227730033,0.26307099119950716
texas,1998,0.46544951682857905,0.1627852430352889,0.036407919059646944,0.2662563547336432,0.4290415977689321
texas,1999,0.5126913092481626,0.16529873553181768,0.023586617843289182,0.3238059558730558,0.48910469140487345
texas,2000,0.6966581425148846,0.16995560385248057,0.02326021537206041,0.5034423232903436,0.6733979271428241
texas,2001,0.7001814040537105,0.17284268578969314,0.022831990959784592,0.5045067273042328,0.6773494130939259
texas,2002,0.7020633278117709,0.17420760263328305,0.022558807017965993,0.5052969181605219,0.679504520793805
texas,2003,0.7033311590396302,0.1755610336514835,0.022263044488307772,0.505507080899839,0.6810681145513224
texas,2004,0.7045278329918877,0.17674234919849283,0.02201413094847517,0.5057713528449197,0.6825137020434126
texas,2005,0.7062088607423546,0.17845398851224942,0.021716205317738137,0.5060386669123671,0.6844926554246165
texas,2006,0.7098277457111707,0.18055500735910457,0.020919522799028756,0.5083532155530374,0.6889082229121419
texas,2007,0.7122273910909989,0.18294177445134444,0.020679956989198056,0.5086056596504565,0.6915474341018009
texas,2008,0.7143796925229514,0.18454169426581943,0.020447328925202405,0.5093906693319296,0.693932363597749
texas,2009,0.716356199449329,0.18547164191146479,0.02022809204363153,0.5106564654942327,0.6961281074056975
texas,2010,0.7178382658197775,0.1861731673922525,0.020041031253560767,0.5116240671739642,0.6977972345662168
texas,2011,0.7200127225194781,0.18739682506783958,0.019803834101151517,0.512812063350487,0.7002088884183266
texas,2012,0.7222432989058167,0.18864486160869645,0.01946452604344691,0.5141339112536734,0.7027787728623698
texas,2013,0.7247304721431891,0.1897419185901814,0.019283546010497057,0.5157050075425106,0.705446926132692
texas,2014,0.7275029112048248,0.19094873619505212,0.019031835292007276,0.5175223397177654,0.7084710759128175
texas,2015,0.7302575553053207,0.19236215529700296,0.01887817409273512,0.5190172259155826,0.7113793812125856
texas,2016,0.7332193472995774,0.19427918873707797,0.018744809551611837,0.5201953490108876,0.7144745377479655
texas,2017,0.7356458503511506,0.196158517318516,0.018668554528906124,0.5208187785037285,0.7169772958222445
texas,2018,0.7371063730376134,0.1978355339237049,0.018410019935686077,0.5208608191782225,0.7186963531019274
texas,2019,0.73868672752435,0.19966725612845615,0.018272804625199722,0.5207466667706941,0.7204139228991503
texas,2020,0.7427821932171711,0.20241325403392277,0.01854317562700487,0.5218257635562434,0.7242390175901662
texas,2021,0.7443205900804188,0.20436972245035123,0.018508719417228214,0.5214421482128394,0.7258118706631906
texas,2022,0.7466568603366402,0.20614274431625482,0.01843764917787072,0.5220764668425147,0.7282192111587695
utah,1991,0.7751229895344625,0,0.7751229895344625,0,0
utah,1992,0.7748270242687283,0,0.7748270242687283,0,0
utah,1993,0.773633053377977,0,0.773633053377977,0,0
utah,1994,0.7712885879843057,0,0.7712885879843057,0,0
utah,1995,0.7683549456300518,0,0.7683549456300518,0,0
utah,1996,0.7666806202094415,0.7666806202094415,0,0,0.7666806202094415
utah,1997,0.7654116705590464,0.7654116705590464,0,0,0.7654116705590464
utah,1998,0.7636353960570105,0.7636353960570105,0,0,0.7636353960570105
utah,1999,0.7620190302288371,0.7620190302288371,0,0,0.7620190302288371
utah,2000,0.7621681780635526,0.7621681780635526,0,0,0.7621681780635526
utah,2001,0.7624335786207999,0.7624335786207999,0,0,0.7624335786207999
utah,2002,0.7605177186141693,0.7605177186141693,0,0,0.7605177186141693
utah,2003,0.7592190622832488,0.7592190622832488,0,0,0.7592190622832488
utah,2004,0.7579772483115282,0.7579772483115282,0,0,0.7579772483115282
utah,2005,0.7559928535361446,0.7559928535361446,0,0,0.7559928535361446
utah,2006,0.7549177254309729,0.7549177254309729,0,0,0.7549177254309729
utah,2007,0.7541522535305607,0.7541522535305607,0,0,0.7541522535305607
utah,2008,0.7535197701564647,0.7535197701564647,0,0,0.7535197701564647
utah,2009,0.7533462509101604,0.7533462509101604,0,0,0.7533462509101604
utah,2010,0.7541501341100812,0.7541501341100812,0,0,0.7541501341100812
utah,2011,0.7546933893882285,0.7546933893882285,0,0,0.7546933893882285
utah,2012,0.7555326586936523,0.7555326586936523,0,0,0.7555326586936523
utah,2013,0.7561170469761599,0.7561170469761599,0,0,0.7561170469761599
utah,2014,0.7557410434682532,0.7557410434682532,0,0,0.7557410434682532
utah,2015,0.7553768065637435,0.7553768065637435,0,0,0.7553768065637435
utah,2016,0.7556304218329001,0.7556304218329001,0,0,0.7556304218329001
utah,2017,0.7551316621961264,0.7551316621961264,0,0,0.7551316621961264
utah,2018,0.7537568771701733,0.7537568771701733,0,0,0.7537568771701733
utah,2019,0.7524633822401915,0.7524633822401915,0,0,0.7524633822401915
utah,2020,0.7543698473377747,0.7543698473377747,0,0,0.7543698473377747
utah,2021,0.7505674869223462,0.7505674869223462,0,0,0.7505674869223462
utah,2022,0.7478354069340324,0.7478354069340324,0,0,0.7478354069340324
vermont,1991,0,0,0,0,0
vermont,1992,0,0,0,0,0
vermont,1993,0,0,0,0,0
vermont,1994,0,0,0,0,0
vermont,1995,0,0,0,0,0
vermont,1996,0,0,0,0,0
vermont,1997,0,0,0,0,0
vermont,1998,1,1,0,0,1
vermont,1999,1,1,0,0,1
vermont,2000,1,1,0,0,1
vermont,2001,1,0,1,0,0
vermont,2002,1,0,1,0,0
vermont,2003,1,0,1,0,0
vermont,2004,1,0,1,0,0
vermont,2005,1,0,1,0,0
vermont,2006,1,0,1,0,0
vermont,2007,1,0,1,0,0
vermont,2008,1,0,1,0,0
vermont,2009,1,0,1,0,0
vermont,2010,1,0,1,0,0
vermont,2011,1,0,1,0,0
vermont,2012,1,0,1,0,0
vermont,2013,1,0,1,0,0
vermont,2014,1,0,1,0,0
vermont,2015,1,0,1,0,0
vermont,2016,1,0,1,0,0
vermont,2017,1,0,1,0,0
vermont,2018,1,0,1,0,0
vermont,2019,1,0,1,0,0
vermont,2020,1,0,1,0,0
vermont,2021,1,0,1,0,0
vermont,2022,1,0,1,0,0
virginia,1991,0,0,0,0,0
virginia,1992,0,0,0,0,0
virginia,1993,0.013652320706789914,0,0.013652320706789914,0,0
virginia,1994,0.1612071317982236,0,0.1612071317982236,0,0
virginia,1995,0.7756005635057637,0,0.28544061882298233,0.4901599446827813,0.4901599446827813
virginia,1996,1,0,0.463952347267706,0.536047652732294,0.536047652732294
virginia,1997,1,0,0.47392386883673826,0.5260761311632618,0.5260761311632618
virginia,1998,1,0.01283577296677851,0.8229879677015707,0.1641762593316508,0.17701203229842932
virginia,1999,1,0.012802258215313073,0.8232644062336407,0.1639333355510462,0.17673559376635928
virginia,2000,1,0.2202602867994403,0.7523656219423666,0.027374091258193144,0.24763437805763344
virginia,2001,1,0.2793978515970333,0.6968708673124904,0.023731281090476324,0.30312913268750963
virginia,2002,1,0.2805422911422212,0.6955803402161749,0.023877368641604,0.3044196597838252
virginia,2003,1,0.2814202061191407,0.6944548906263054,0.024124903254553874,0.30554510937369456
virginia,2004,1,0.282122455183189,0.6935053030470076,0.024372241769803345,0.30649469695299236
virginia,2005,1,0.2829445713250235,0.6925197813283733,0.024535647346603184,0.30748021867162667
virginia,2006,1,0.28409197081208687,0.6909671564619274,0.024940872725985688,0.30903284353807253
virginia,2007,1,0.28416433743951247,0.6906937005181847,0.02514196204230288,0.30930629948181537
virginia,2008,1,0.28335747020217084,0.6914862473478263,0.02515628245000284,0.3085137526521737
virginia,2009,1,0.2819086847032878,0.69288771697165,0.025203598325062318,0.3071122830283501
virginia,2010,1,0.28002486427829026,0.6948455833846849,0.025129552337024838,0.3051544166153151
virginia,2011,1,0.27886123315305944,0.6961828760401989,0.02495589080674169,0.30381712395980115
virginia,2012,1,0.2779319755064424,0.6971746682365592,0.024893356256998456,0.30282533176344084
virginia,2013,1,0.27735345321847876,0.6977425251861624,0.02490402159535888,0.30225747481383763
virginia,2014,1,0.27764819770138316,0.6972854933836344,0.025066308914982443,0.3027145066163656
virginia,2015,1,0.2779361109484368,0.6969921582575295,0.025071730794033742,0.30300784174247053
virginia,2016,1,0.2779588512635889,0.6969010674597583,0.025140081276652803,0.3030989325402417
virginia,2017,1,0.278151446244206,0.6966077387113611,0.025240815044432905,0.30339226128863894
virginia,2018,1,0.27894448235154323,0.6957508180696015,0.02530469957885531,0.3042491819303985
virginia,2019,1,0.28001367524345416,0.6946961697257849,0.025290155030760923,0.3053038302742151
virginia,2020,1,0.28249364769918045,0.6917207408823562,0.025785611418463316,0.30827925911764376
virginia,2021,1,0.28449267069802286,0.6893999481329935,0.02610738116898353,0.3106000518670064
virginia,2022,1,0.28588607957074536,0.6876907839868265,0.026423136442428177,0.3123092160131735
washington,1991,0.052327117569604543,0.052327117569604543,0,0,0.052327117569604543
washington,1992,0.05359500772262359,0.05359500772262359,0,0,0.05359500772262359
washington,1993,0.1278132366878277,0.1278132366878277,0,0,0.1278132366878277
washington,1994,0.5424619746657059,0.5424619746657059,0,0,0.5424619746657059
washington,1995,0.9696766426501828,0.9696766426501828,0,0,0.9696766426501828
washington,1996,1,1,0,0,1
washington,1997,1,1,0,0,1
washington,1998,1,1,0,0,1
washington,1999,0.9953547298765515,0.9953547298765515,0,0,0.9953547298765515
washington,2000,0.9428743229012986,0.9428743229012986,0,0,0.9428743229012986
washington,2001,0.8094161406092698,0.8094161406092698,0,0,0.8094161406092698
washington,2002,0.809362612764069,0.809362612764069,0,0,0.809362612764069
washington,2003,0.8095622379329354,0.8095622379329354,0,0,0.8095622379329354
washington,2004,0.8094677716554358,0.8094677716554358,0,0,0.8094677716554358
washington,2005,0.8091831866913951,0.8091831866913951,0,0,0.8091831866913951
washington,2006,0.809140300997386,0.809140300997386,0,0,0.809140300997386
washington,2007,0.8091735048990287,0.8091735048990287,0,0,0.8091735048990287
washington,2008,0.809570708498375,0.809570708498375,0,0,0.809570708498375
washington,2009,0.8098882537279004,0.8098882537279004,0,0,0.8098882537279004
washington,2010,0.8096782804846037,0.8096782804846037,0,0,0.8096782804846037
washington,2011,0.8107117907569873,0.8107117907569873,0,0,0.8107117907569873
washington,2012,0.8110895979126173,0.8110895979126173,0,0,0.8110895979126173
washington,2013,0.8111064282878265,0.8111064282878265,0,0,0.8111064282878265
washington,2014,0.8114402476095571,0.8114402476095571,0,0,0.8114402476095571
washington,2015,0.8119981177211584,0.8119981177211584,0,0,0.8119981177211584
washington,2016,0.8120363202628293,0.8120363202628293,0,0,0.8120363202628293
washington,2017,0.812455596264873,0.812455596264873,0,0,0.812455596264873
washington,2018,0.8127466068322029,0.8127466068322029,0,0,0.8127466068322029
washington,2019,0.8132215383722398,0.8132215383722398,0,0,0.8132215383722398
washington,2020,0.8145147572044824,0.8145147572044824,0,0,0.8145147572044824
washington,2021,0.8142160501808903,0.8142160501808903,0,0,0.8142160501808903
washington,2022,0.8140167926502963,0.8140167926502963,0,0,0.8140167926502963
west virginia,1991,0,0,0,0,0
west virginia,1992,0,0,0,0,0
west virginia,1993,0.5032216086448041,0,0.5032216086448041,0,0
west virginia,1994,0.5038522423303728,0,0.5038522423303728,0,0
west virginia,1995,0.5049836523683108,0,0.5049836523683108,0,0
west virginia,1996,0.5060319767441861,0,0.5060319767441861,0,0
west virginia,1997,0.8823508655391256,0.3758075835420145,0.5065432819971111,0,0.3758075835420145
west virginia,1998,0.8823246179893633,0.37465297906285966,0.5076716389265037,0,0.37465297906285966
west virginia,1999,0.8823765285078704,0.3732739523643752,0.5091025761434952,0,0.3732739523643752
west virginia,2000,0.9823385519140726,0.4733645631662511,0.5089739887478215,0,0.4733645631662511
west virginia,2001,1,0.17384208925292083,0.5095967732849627,0.3165611374621165,0.49040322671503733
west virginia,2002,1,0.17247106789744696,0.5111435513270896,0.3163853807754635,0.48885644867291045
west virginia,2003,1,0.17118333402338493,0.5123918344144763,0.3164248315621388,0.4876081655855237
west virginia,2004,1,0.17036124840556777,0.5134401012401698,0.3161986503542625,0.48655989875983024
west virginia,2005,1,0.16904898259721135,0.5147722510422806,0.31617876636050807,0.4852277489577194
west virginia,2006,1,0.16758952808562913,0.5166489076102405,0.3157615643041303,0.4833510923897595
west virginia,2007,0.9999999999999999,0.16660354462470725,0.5180538241467758,0.31534263122851686,0.4819461758532241
west virginia,2008,1,0.1661372768200962,0.5187978321238234,0.3150648910560805,0.4812021678761767
west virginia,2009,1,0.16577111244651463,0.5189485176381909,0.3152803699152944,0.48105148236180906
west virginia,2010,1,0.16505489203347776,0.5187267144140574,0.31621839355246484,0.4812732855859426
west virginia,2011,1,0.16435504540298523,0.5187528855519901,0.3168920690450247,0.48124711444800994
west virginia,2012,1,0.16410576861263684,0.5181988653017018,0.31769536608566135,0.4818011346982982
west virginia,2013,1,0.16390137024565785,0.5179540589081244,0.3181445708462178,0.4820459410918756
west virginia,2014,1,0.1636249223663608,0.5178994742781164,0.3184756033555227,0.48210052572188355
west virginia,2015,1,0.16291497282537118,0.5177836873205552,0.31930133985407355,0.48221631267944476
west virginia,2016,1,0.16233798847685021,0.5178181629522842,0.3198438485708656,0.48218183704771583
west virginia,2017,1,0.16151579733989288,0.5181526372825339,0.3203315653775732,0.4818473627174661
west virginia,2018,1,0.1604897904337456,0.519010453117739,0.32049975644851547,0.48098954688226103
west virginia,2019,1,0.159769132324574,0.519499042841372,0.320731824834054,0.48050095715862795
west virginia,2020,1,0.16106264882572588,0.5178009812555039,0.32113636991877026,0.4821990187444961
west virginia,2021,1,0.16003232884868662,0.519329674453248,0.3206379966980654,0.48067032554675204
west virginia,2022,1,0.15943478897114213,0.5201747608085279,0.32039045022033,0.47982523919147213
wisconsin,1991,0.2699013088494162,0.2699013088494162,0,0,0.2699013088494162
wisconsin,1992,0.2858270296622191,0.2858270296622191,0,0,0.2858270296622191
wisconsin,1993,0.2838078124626014,0.2838078124626014,0,0,0.2838078124626014
wisconsin,1994,0.2812843108275894,0.2812843108275894,0,0,0.2812843108275894
wisconsin,1995,0.27879707790248437,0.27879707790248437,0,0,0.27879707790248437
wisconsin,1996,0.3703360663359689,0.3703360663359689,0,0,0.3703360663359689
wisconsin,1997,0.4777274078735263,0.4777274078735263,0,0,0.4777274078735263
wisconsin,1998,0.7780037905547128,0.7780037905547128,0,0,0.7780037905547128
wisconsin,1999,0.8051934267030897,0.8051934267030897,0,0,0.8051934267030897
wisconsin,2000,0.7940170811345517,0.7940170811345517,0,0,0.7940170811345517
wisconsin,2001,0.7942975881453752,0.7942975881453752,0,0,0.7942975881453752
wisconsin,2002,0.7943122720683058,0.7943122720683058,0,0,0.7943122720683058
wisconsin,2003,0.794270261569064,0.794270261569064,0,0,0.794270261569064
wisconsin,2004,0.7941629219738898,0.7941629219738898,0,0,0.7941629219738898
wisconsin,2005,0.7936309515438232,0.7936309515438232,0,0,0.7936309515438232
wisconsin,2006,0.7935223673748197,0.7935223673748197,0,0,0.7935223673748197
wisconsin,2007,0.7940049280179654,0.7940049280179654,0,0,0.7940049280179654
wisconsin,2008,0.7944760109739486,0.7944760109739486,0,0,0.7944760109739486
wisconsin,2009,0.7955861642710588,0.7955861642710588,0,0,0.7955861642710588
wisconsin,2010,0.7963841331347559,0.7963841331347559,0,0,0.7963841331347559
wisconsin,2011,0.7971825436332048,0.7971825436332048,0,0,0.7971825436332048
wisconsin,2012,0.7979919439996084,0.7979919439996084,0,0,0.7979919439996084
wisconsin,2013,0.7985458327130639,0.7985458327130639,0,0,0.7985458327130639
wisconsin,2014,0.7989510608056124,0.7989510608056124,0,0,0.7989510608056124
wisconsin,2015,0.7995582318163356,0.7995582318163356,0,0,0.7995582318163356
wisconsin,2016,0.7999290790953445,0.7999290790953445,0,0,0.7999290790953445
wisconsin,2017,0.7998601426620837,0.7998601426620837,0,0,0.7998601426620837
wisconsin,2018,0.7995829807662836,0.7995829807662836,0,0,0.7995829807662836
wisconsin,2019,0.7996999193120953,0.7996999193120953,0,0,0.7996999193120953
wisconsin,2020,0.8113750743602947,0.8113750743602947,0,0,0.8113750743602947
wisconsin,2021,0.8108104090247503,0.8108104090247503,0,0,0.8108104090247503
wisconsin,2022,0.810704355245319,0.810704355245319,0,0,0.810704355245319
wyoming,1991,0,0,0,0,0
wyoming,1992,0,0,0,0,0
wyoming,1993,0,0,0,0,0
wyoming,1994,0,0,0,0,0
wyoming,1995,0,0,0,0,0
wyoming,1996,0,0,0,0,0
wyoming,1997,0,0,0,0,0
wyoming,1998,0,0,0,0,0
wyoming,1999,0,0,0,0,0
wyoming,2000,0,0,0,0,0
wyoming,2001,0,0,0,0,0
wyoming,2002,0,0,0,0,0
wyoming,2003,0,0,0,0,0
wyoming,2004,0,0,0,0,0
wyoming,2005,0,0,0,0,0
wyoming,2006,0,0,0,0,0
wyoming,2007,0,0,0,0,0
wyoming,2008,0,0,0,0,0
wyoming,2009,0,0,0,0,0
wyoming,2010,0,0,0,0,0
wyoming,2011,0,0,0,0,0
wyoming,2012,0,0,0,0,0
wyoming,2013,0,0,0,0,0
wyoming,2014,0,0,0,0,0
wyoming,2015,0,0,0,0,0
wyoming,2016,0,0,0,0,0
wyoming,2017,0,0,0,0,0
wyoming,2018,0,0,0,0,0
wyoming,2019,0,0,0,0,0
wyoming,2020,0,0,0,0,0
wyoming,2021,0,0,0,0,0
wyoming,2022,0,0,0,0,0
